Time(s),Position(m),Velocity(m/s),Acceleration(m/s²)
0,0,0,6.18
0.01,0.0,0.06,6.18
0.02,0.0,0.12,6.28
0.03,0.0,0.19,6.34
0.04,0.01,0.25,6.39
0.05,0.01,0.32,6.43
0.06,0.01,0.38,6.47
0.07,0.02,0.45,6.51
0.08,0.02,0.51,6.55
0.09,0.03,0.58,6.58
0.1,0.04,0.64,6.61
0.11,0.04,0.71,6.64
0.12,0.05,0.78,6.68
0.13,0.06,0.84,6.71
0.14,0.07,0.91,6.74
0.15,0.08,0.98,6.76
0.16,0.09,1.05,6.79
0.17,0.1,1.11,6.82
0.18,0.11,1.18,6.84
0.19,0.12,1.25,6.87
0.2,0.14,1.32,6.89
0.21,0.15,1.39,6.92
0.22,0.16,1.46,6.94
0.23,0.18,1.53,6.96
0.24,0.2,1.6,6.98
0.25,0.21,1.67,7.01
0.26,0.23,1.74,7.03
0.27,0.25,1.81,7.05
0.28,0.27,1.88,7.07
0.29,0.29,1.95,7.09
0.3,0.31,2.02,7.11
0.31,0.33,2.09,7.13
0.32,0.35,2.17,7.15
0.33,0.37,2.24,7.17
0.34,0.39,2.31,7.18
0.35,0.42,2.38,7.2
0.36,0.44,2.45,7.22
0.37,0.47,2.53,7.23
0.38,0.49,2.6,7.25
0.39,0.52,2.67,7.27
0.4,0.55,2.74,7.28
0.41,0.58,2.82,7.3
0.42,0.61,2.89,7.31
0.43,0.64,2.96,7.33
0.44,0.67,3.04,7.34
0.45,0.7,3.11,7.35
0.46,0.73,3.18,7.37
0.47,0.76,3.26,7.38
0.48,0.79,3.33,7.39
0.49,0.83,3.4,7.4
0.5,0.86,3.48,7.42
0.51,0.9,3.55,7.43
0.52,0.94,3.63,7.44
0.53,0.97,3.7,7.45
0.54,1.01,3.78,7.46
0.55,1.05,3.85,7.47
0.56,1.09,3.93,7.48
0.57,1.13,4.0,7.49
0.58,1.17,4.08,7.5
0.59,1.21,4.15,7.51
0.6,1.25,4.23,7.52
0.61,1.3,4.3,7.52
0.62,1.34,4.38,7.53
0.63,1.38,4.45,7.54
0.64,1.43,4.53,7.55
0.65,1.47,4.6,7.55
0.66,1.52,4.68,7.56
0.67,1.57,4.75,7.57
0.68,1.62,4.83,7.57
0.69,1.67,4.91,7.58
0.7,1.72,4.98,7.58
0.71,1.77,5.06,7.59
0.72,1.82,5.13,7.59
0.73,1.87,5.21,7.6
0.74,1.92,5.29,7.6
0.75,1.98,5.36,7.6
0.76,2.03,5.44,7.61
0.77,2.09,5.51,7.61
0.78,2.14,5.59,7.61
0.79,2.2,5.67,7.61
0.8,2.26,5.74,7.62
0.81,2.31,5.82,7.62
0.82,2.37,5.89,7.62
0.83,2.43,5.97,7.62
0.84,2.49,6.05,7.62
0.85,2.55,6.12,7.62
0.86,2.62,6.2,7.62
0.87,2.68,6.28,7.62
0.88,2.74,6.35,7.62
0.89,2.81,6.43,7.62
0.9,2.87,6.5,7.62
0.91,2.94,6.58,7.61
0.92,3.0,6.66,7.61
0.93,3.07,6.73,7.61
0.94,3.14,6.81,7.61
0.95,3.21,6.88,7.6
0.96,3.28,6.96,7.6
0.97,3.35,7.04,7.6
0.98,3.42,7.11,7.59
0.99,3.49,7.19,7.59
1.0,3.56,7.26,7.58
1.01,3.64,7.34,7.58
1.02,3.71,7.42,7.58
1.03,3.79,7.49,7.57
1.04,3.86,7.57,7.56
1.05,3.94,7.64,7.56
1.06,4.02,7.72,7.55
1.07,4.09,7.79,7.54
1.08,4.17,7.87,7.54
1.09,4.25,7.94,7.53
1.1,4.33,8.02,7.52
1.11,4.41,8.09,7.52
1.12,4.5,8.17,7.51
1.13,4.58,8.24,7.5
1.14,4.66,8.32,7.49
1.15,4.75,8.39,7.48
1.16,4.83,8.47,7.48
1.17,4.92,8.54,7.46
1.18,5.0,8.62,7.46
1.19,5.09,8.69,7.45
1.2,5.18,8.77,7.44
1.21,5.26,8.84,7.43
1.22,5.35,8.92,7.42
1.23,5.44,8.99,7.4
1.24,5.53,9.06,7.39
1.25,5.63,9.14,7.38
1.26,5.72,9.21,7.37
1.27,5.81,9.29,7.36
1.28,5.9,9.36,7.35
1.29,6.0,9.43,7.33
1.3,6.09,9.51,7.32
1.31,6.19,9.58,7.31
1.32,6.29,9.65,7.3
1.33,6.38,9.72,7.28
1.34,6.48,9.8,7.27
1.35,6.58,9.87,7.26
1.36,6.68,9.94,7.24
1.37,6.78,10.01,7.23
1.38,6.88,10.09,7.21
1.39,6.98,10.16,7.2
1.4,7.08,10.23,7.18
1.41,7.19,10.3,7.17
1.42,7.29,10.37,7.15
1.43,7.4,10.44,7.14
1.44,7.5,10.52,7.12
1.45,7.61,10.59,7.1
1.46,7.71,10.66,7.09
1.47,7.82,10.73,7.07
1.48,7.93,10.8,7.06
1.49,8.04,10.87,7.04
1.5,8.15,10.94,7.02
1.51,8.26,11.01,7.0
1.52,8.37,11.08,6.99
1.53,8.48,11.15,6.97
1.54,8.59,11.22,6.95
1.55,8.7,11.29,6.93
1.56,8.82,11.36,6.92
1.57,8.93,11.43,6.9
1.58,9.05,11.49,6.88
1.59,9.16,11.56,6.86
1.6,9.28,11.63,6.84
1.61,9.4,11.7,6.82
1.62,9.51,11.77,6.8
1.63,9.63,11.84,6.78
1.64,9.75,11.9,6.76
1.65,9.87,11.97,6.74
1.66,9.99,12.04,6.72
1.67,10.11,12.11,6.7
1.68,10.23,12.17,6.68
1.69,10.36,12.24,6.66
1.7,10.48,12.3,6.64
1.71,10.6,12.37,6.62
1.72,10.73,12.44,6.6
1.73,10.85,12.5,6.58
1.74,10.98,12.57,6.56
1.75,11.1,12.63,6.54
1.76,11.23,12.7,6.52
1.77,11.36,12.76,6.5
1.78,11.49,12.83,6.47
1.79,11.62,12.89,6.45
1.8,11.75,12.96,6.43
1.81,11.88,13.02,6.41
1.82,12.01,13.09,6.39
1.83,12.14,13.15,6.36
1.84,12.27,13.21,6.34
1.85,12.4,13.28,6.32
1.86,12.54,13.34,6.3
1.87,12.67,13.4,6.27
1.88,12.8,13.46,6.25
1.89,12.94,13.53,6.23
1.9,13.08,13.59,6.2
1.91,13.21,13.65,6.18
1.92,13.35,13.71,6.16
1.93,13.49,13.77,6.14
1.94,13.63,13.83,6.11
1.95,13.76,13.9,6.09
1.96,13.9,13.96,6.06
1.97,14.04,14.02,6.04
1.98,14.18,14.08,6.02
1.99,14.33,14.14,6.0
2.0,14.47,14.2,5.97
2.01,14.61,14.26,5.95
2.02,14.75,14.31,5.92
2.03,14.9,14.37,5.9
2.04,15.04,14.43,5.88
2.05,15.19,14.49,5.85
2.06,15.33,14.55,5.83
2.07,15.48,14.61,5.8
2.08,15.63,14.67,5.78
2.09,15.77,14.72,5.75
2.1,15.92,14.78,5.73
2.11,16.07,14.84,5.7
2.12,16.22,14.89,5.68
2.13,16.37,14.95,5.66
2.14,16.52,15.01,5.63
2.15,16.67,15.06,5.61
2.16,16.82,15.12,5.58
2.17,16.97,15.17,5.56
2.18,17.12,15.23,5.53
2.19,17.28,15.28,5.51
2.2,17.43,15.34,5.48
2.21,17.58,15.39,5.46
2.22,17.74,15.45,5.43
2.23,17.89,15.5,5.41
2.24,18.05,15.56,5.38
2.25,18.2,15.61,5.36
2.26,18.36,15.66,5.33
2.27,18.52,15.72,5.31
2.28,18.68,15.77,5.28
2.29,18.83,15.82,5.26
2.3,18.99,15.87,5.23
2.31,19.15,15.93,5.21
2.32,19.31,15.98,5.18
2.33,19.47,16.03,5.16
2.34,19.63,16.08,5.13
2.35,19.79,16.13,5.11
2.36,19.96,16.18,5.08
2.37,20.12,16.23,5.06
2.38,20.28,16.28,5.03
2.39,20.44,16.33,5.01
2.4,20.61,16.38,4.98
2.41,20.77,16.43,4.96
2.42,20.94,16.48,4.93
2.43,21.1,16.53,4.91
2.44,21.27,16.58,4.88
2.45,21.43,16.63,4.86
2.46,21.6,16.68,4.83
2.47,21.77,16.73,4.81
2.48,21.94,16.77,4.78
2.49,22.1,16.82,4.76
2.5,22.27,16.87,4.73
2.51,22.44,16.91,4.71
2.52,22.61,16.96,4.68
2.53,22.78,17.01,4.66
2.54,22.95,17.05,4.63
2.55,23.12,17.1,4.61
2.56,23.3,17.15,4.58
2.57,23.47,17.19,4.56
2.58,23.64,17.24,4.54
2.59,23.81,17.28,4.51
2.6,23.99,17.33,4.49
2.61,24.16,17.37,4.46
2.62,24.33,17.42,4.44
2.63,24.51,17.46,4.41
2.64,24.68,17.5,4.39
2.65,24.86,17.55,4.36
2.66,25.03,17.59,4.34
2.67,25.21,17.63,4.32
2.68,25.39,17.68,4.29
2.69,25.56,17.72,4.27
2.7,25.74,17.76,4.24
2.71,25.92,17.8,4.22
2.72,26.1,17.85,4.2
2.73,26.28,17.89,4.17
2.74,26.46,17.93,4.15
2.75,26.64,17.97,4.12
2.76,26.82,18.01,4.1
2.77,27.0,18.05,4.08
2.78,27.18,18.09,4.05
2.79,27.36,18.13,4.03
2.8,27.54,18.17,4.01
2.81,27.72,18.21,3.98
2.82,27.91,18.25,3.96
2.83,28.09,18.29,3.94
2.84,28.27,18.33,3.91
2.85,28.46,18.37,3.89
2.86,28.64,18.41,3.87
2.87,28.82,18.45,3.84
2.88,29.01,18.49,3.82
2.89,29.19,18.52,3.8
2.9,29.38,18.56,3.78
2.91,29.57,18.6,3.75
2.92,29.75,18.64,3.73
2.93,29.94,18.67,3.71
2.94,30.13,18.71,3.68
2.95,30.31,18.75,3.66
2.96,30.5,18.78,3.64
2.97,30.69,18.82,3.62
2.98,30.88,18.86,3.6
2.99,31.07,18.89,3.57
3.0,31.26,18.93,3.55
3.01,31.45,18.96,3.53
3.02,31.64,19.0,3.51
3.03,31.83,19.03,3.48
3.04,32.02,19.07,3.46
3.05,32.21,19.1,3.44
3.06,32.4,19.14,3.42
3.07,32.59,19.17,3.4
3.08,32.78,19.2,3.38
3.09,32.98,19.24,3.36
3.1,33.17,19.27,3.34
3.11,33.36,19.3,3.31
3.12,33.56,19.34,3.29
3.13,33.75,19.37,3.27
3.14,33.94,19.4,3.25
3.15,34.14,19.43,3.23
3.16,34.33,19.47,3.21
3.17,34.53,19.5,3.19
3.18,34.72,19.53,3.17
3.19,34.92,19.56,3.15
3.2,35.11,19.59,3.13
3.21,35.31,19.62,3.11
3.22,35.51,19.65,3.09
3.23,35.7,19.68,3.07
3.24,35.9,19.72,3.05
3.25,36.1,19.75,3.03
3.26,36.3,19.78,3.01
3.27,36.49,19.81,2.99
3.28,36.69,19.84,2.97
3.29,36.89,19.86,2.95
3.3,37.09,19.89,2.93
3.31,37.29,19.92,2.91
3.32,37.49,19.95,2.89
3.33,37.69,19.98,2.87
3.34,37.89,20.01,2.85
3.35,38.09,20.04,2.83
3.36,38.29,20.07,2.81
3.37,38.49,20.09,2.79
3.38,38.69,20.12,2.78
3.39,38.89,20.15,2.76
3.4,39.09,20.18,2.74
3.41,39.3,20.2,2.72
3.42,39.5,20.23,2.7
3.43,39.7,20.26,2.68
3.44,39.9,20.28,2.66
3.45,40.11,20.31,2.65
3.46,40.31,20.34,2.63
3.47,40.51,20.36,2.61
3.48,40.72,20.39,2.59
3.49,40.92,20.41,2.58
3.5,41.13,20.44,2.56
3.51,41.33,20.47,2.54
3.52,41.54,20.49,2.52
3.53,41.74,20.52,2.5
3.54,41.95,20.54,2.49
3.55,42.15,20.57,2.47
3.56,42.36,20.59,2.45
3.57,42.56,20.61,2.44
3.58,42.77,20.64,2.42
3.59,42.98,20.66,2.4
3.6,43.18,20.69,2.38
3.61,43.39,20.71,2.37
3.62,43.6,20.73,2.35
3.63,43.81,20.76,2.34
3.64,44.01,20.78,2.32
3.65,44.22,20.8,2.3
3.66,44.43,20.83,2.29
3.67,44.64,20.85,2.27
3.68,44.85,20.87,2.26
3.69,45.06,20.89,2.24
3.7,45.27,20.92,2.22
3.71,45.48,20.94,2.21
3.72,45.68,20.96,2.19
3.73,45.89,20.98,2.17
3.74,46.1,21.0,2.16
3.75,46.31,21.02,2.14
3.76,46.53,21.05,2.13
3.77,46.74,21.07,2.11
3.78,46.95,21.09,2.1
3.79,47.16,21.11,2.08
3.8,47.37,21.13,2.07
3.81,47.58,21.15,2.05
3.82,47.79,21.17,2.04
3.83,48.0,21.19,2.02
3.84,48.22,21.21,2.01
3.85,48.43,21.23,2.0
3.86,48.64,21.25,1.98
3.87,48.85,21.27,1.97
3.88,49.07,21.29,1.95
3.89,49.28,21.31,1.94
3.9,49.49,21.33,1.92
3.91,49.71,21.35,1.91
3.92,49.92,21.37,1.9
3.93,50.13,21.38,1.88
3.94,50.35,21.4,1.87
3.95,50.56,21.42,1.85
3.96,50.78,21.44,1.84
3.97,50.99,21.46,1.83
3.98,51.21,21.48,1.81
3.99,51.42,21.49,1.8
4.0,51.64,21.51,1.79
4.01,51.85,21.53,1.77
4.02,52.07,21.55,1.76
4.03,52.28,21.57,1.75
4.04,52.5,21.58,1.74
4.05,52.71,21.6,1.72
4.06,52.93,21.62,1.71
4.07,53.15,21.63,1.7
4.08,53.36,21.65,1.68
4.09,53.58,21.67,1.67
4.1,53.8,21.68,1.66
4.11,54.01,21.7,1.65
4.12,54.23,21.72,1.64
4.13,54.45,21.73,1.62
4.14,54.67,21.75,1.61
4.15,54.88,21.77,1.6
4.16,55.1,21.78,1.59
4.17,55.32,21.8,1.57
4.18,55.54,21.81,1.56
4.19,55.76,21.83,1.55
4.2,55.97,21.84,1.54
4.21,56.19,21.86,1.53
4.22,56.41,21.87,1.52
4.23,56.63,21.89,1.5
4.24,56.85,21.9,1.49
4.25,57.07,21.92,1.48
4.26,57.29,21.93,1.47
4.27,57.51,21.95,1.46
4.28,57.73,21.96,1.45
4.29,57.95,21.98,1.44
4.3,58.17,21.99,1.43
4.31,58.39,22.01,1.42
4.32,58.61,22.02,1.4
4.33,58.83,22.03,1.4
4.34,59.05,22.05,1.38
4.35,59.27,22.06,1.37
4.36,59.49,22.07,1.36
4.37,59.71,22.09,1.35
4.38,59.93,22.1,1.34
4.39,60.15,22.11,1.33
4.4,60.37,22.13,1.32
4.41,60.6,22.14,1.31
4.42,60.82,22.15,1.3
4.43,61.04,22.17,1.29
4.44,61.26,22.18,1.28
4.45,61.48,22.19,1.27
4.46,61.7,22.21,1.26
4.47,61.93,22.22,1.25
4.48,62.15,22.23,1.24
4.49,62.37,22.24,1.23
4.5,62.59,22.25,1.22
4.51,62.82,22.27,1.21
4.52,63.04,22.28,1.2
4.53,63.26,22.29,1.2
4.54,63.49,22.3,1.19
4.55,63.71,22.31,1.18
4.56,63.93,22.33,1.17
4.57,64.15,22.34,1.16
4.58,64.38,22.35,1.15
4.59,64.6,22.36,1.14
4.6,64.83,22.37,1.13
4.61,65.05,22.38,1.12
4.62,65.27,22.39,1.12
4.63,65.5,22.41,1.11
4.64,65.72,22.42,1.1
4.65,65.95,22.43,1.09
4.66,66.17,22.44,1.08
4.67,66.39,22.45,1.07
4.68,66.62,22.46,1.06
4.69,66.84,22.47,1.06
4.7,67.07,22.48,1.05
4.71,67.29,22.49,1.04
4.72,67.52,22.5,1.03
4.73,67.74,22.51,1.02
4.74,67.97,22.52,1.01
4.75,68.19,22.53,1.01
4.76,68.42,22.54,1.0
4.77,68.65,22.55,0.99
4.78,68.87,22.56,0.98
4.79,69.1,22.57,0.98
4.8,69.32,22.58,0.97
4.81,69.55,22.59,0.96
4.82,69.77,22.6,0.95
4.83,70.0,22.61,0.94
4.84,70.23,22.62,0.94
4.85,70.45,22.63,0.93
4.86,70.68,22.64,0.92
4.87,70.91,22.65,0.92
4.88,71.13,22.66,0.91
4.89,71.36,22.66,0.9
4.9,71.59,22.67,0.9
4.91,71.81,22.68,0.89
4.92,72.04,22.69,0.88
4.93,72.27,22.7,0.87
4.94,72.49,22.71,0.87
4.95,72.72,22.72,0.86
4.96,72.95,22.73,0.85
4.97,73.18,22.73,0.85
4.98,73.4,22.74,0.84
4.99,73.63,22.75,0.83
5.0,73.86,22.76,0.83
5.01,74.09,22.77,0.82
5.02,74.31,22.78,0.81
5.03,74.54,22.78,0.81
5.04,74.77,22.79,0.8
5.05,75.0,22.8,0.79
5.06,75.23,22.81,0.79
5.07,75.45,22.82,0.78
5.08,75.68,22.82,0.78
5.09,75.91,22.83,0.77
5.1,76.14,22.84,0.76
5.11,76.37,22.85,0.76
5.12,76.6,22.85,0.75
5.13,76.82,22.86,0.74
5.14,77.05,22.87,0.74
5.15,77.28,22.88,0.73
5.16,77.51,22.88,0.73
5.17,77.74,22.89,0.72
5.18,77.97,22.9,0.72
5.19,78.2,22.9,0.71
5.2,78.43,22.91,0.7
5.21,78.66,22.92,0.7
5.22,78.88,22.93,0.69
5.23,79.11,22.93,0.69
5.24,79.34,22.94,0.68
5.25,79.57,22.95,0.68
5.26,79.8,22.95,0.67
5.27,80.03,22.96,0.66
5.28,80.26,22.97,0.66
5.29,80.49,22.97,0.65
5.3,80.72,22.98,0.65
5.31,80.95,22.99,0.64
5.32,81.18,22.99,0.64
5.33,81.41,23.0,0.63
5.34,81.64,23.0,0.63
5.35,81.87,23.01,0.62
5.36,82.1,23.02,0.62
5.37,82.33,23.02,0.61
5.38,82.56,23.03,0.61
5.39,82.79,23.03,0.6
5.4,83.02,23.04,0.6
5.41,83.25,23.05,0.6
5.42,83.48,23.05,0.59
5.43,83.71,23.06,0.58
5.44,83.94,23.06,0.58
5.45,84.18,23.07,0.57
5.46,84.41,23.08,0.57
5.47,84.64,23.08,0.57
5.48,84.87,23.09,0.56
5.49,85.1,23.09,0.56
5.5,85.33,23.1,0.55
5.51,85.56,23.1,0.55
5.52,85.79,23.11,0.54
5.53,86.02,23.11,0.54
5.54,86.25,23.12,0.53
5.55,86.49,23.13,0.53
5.56,86.72,23.13,0.53
5.57,86.95,23.14,0.52
5.58,87.18,23.14,0.52
5.59,87.41,23.15,0.51
5.6,87.64,23.15,0.51
5.61,87.87,23.16,0.5
5.62,88.11,23.16,0.5
5.63,88.34,23.17,0.5
5.64,88.57,23.17,0.49
5.65,88.8,23.18,0.49
5.66,89.03,23.18,0.48
5.67,89.26,23.19,0.48
5.68,89.5,23.19,0.48
5.69,89.73,23.2,0.47
5.7,89.96,23.2,0.47
5.71,90.19,23.2,0.47
5.72,90.42,23.21,0.46
5.73,90.66,23.21,0.46
5.74,90.89,23.22,0.46
5.75,91.12,23.22,0.45
5.76,91.35,23.23,0.45
5.77,91.59,23.23,0.44
5.78,91.82,23.24,0.44
5.79,92.05,23.24,0.44
5.8,92.28,23.24,0.43
5.81,92.52,23.25,0.43
5.82,92.75,23.25,0.42
5.83,92.98,23.26,0.42
5.84,93.21,23.26,0.42
5.85,93.45,23.27,0.42
5.86,93.68,23.27,0.41
5.87,93.91,23.27,0.41
5.88,94.14,23.28,0.4
5.89,94.38,23.28,0.4
5.9,94.61,23.29,0.4
5.91,94.84,23.29,0.4
5.92,95.08,23.29,0.39
5.93,95.31,23.3,0.39
5.94,95.54,23.3,0.39
5.95,95.77,23.31,0.38
5.96,96.01,23.31,0.38
5.97,96.24,23.31,0.38
5.98,96.47,23.32,0.37
5.99,96.71,23.32,0.37
6.0,96.94,23.32,0.37
6.01,97.17,23.33,0.36
6.02,97.41,23.33,0.36
6.03,97.64,23.33,0.36
6.04,97.87,23.34,0.36
6.05,98.11,23.34,0.35
6.06,98.34,23.35,0.35
6.07,98.57,23.35,0.35
6.08,98.81,23.35,0.34
6.09,99.04,23.36,0.34
6.1,99.27,23.36,0.34
6.11,99.51,23.36,0.34
6.12,99.74,23.37,0.33
6.13,99.98,23.37,0.33
6.14,100.21,23.37,0.33
6.15,100.44,23.38,0.32
6.16,100.68,23.38,0.32
6.17,100.91,23.38,0.32
6.18,101.14,23.39,0.32
6.19,101.38,23.39,0.31
6.2,101.61,23.39,0.31
6.21,101.85,23.39,0.31
6.22,102.08,23.4,0.31
6.23,102.31,23.4,0.3
6.24,102.55,23.4,0.3
6.25,102.78,23.41,0.3
6.26,103.02,23.41,0.3
6.27,103.25,23.41,0.29
6.28,103.48,23.42,0.29
6.29,103.72,23.42,0.29
6.3,103.95,23.42,0.29
6.31,104.19,23.42,0.28
6.32,104.42,23.43,0.28
6.33,104.66,23.43,0.28
6.34,104.89,23.43,0.28
6.35,105.12,23.44,0.28
6.36,105.36,23.44,0.27
6.37,105.59,23.44,0.27
6.38,105.83,23.44,0.27
6.39,106.06,23.45,0.27
6.4,106.3,23.45,0.26
6.41,106.53,23.45,0.26
6.42,106.77,23.45,0.26
6.43,107.0,23.46,0.26
6.44,107.24,23.46,0.26
6.45,107.47,23.46,0.25
6.46,107.7,23.46,0.25
6.47,107.94,23.47,0.25
6.48,108.17,23.47,0.25
6.49,108.41,23.47,0.24
6.5,108.64,23.47,0.24
6.51,108.88,23.48,0.24
6.52,109.11,23.48,0.24
6.53,109.35,23.48,0.24
6.54,109.58,23.48,0.24
6.55,109.82,23.49,0.23
6.56,110.05,23.49,0.23
6.57,110.29,23.49,0.23
6.58,110.52,23.49,0.23
6.59,110.76,23.49,0.22
6.6,110.99,23.5,0.22
6.61,111.23,23.5,0.22
6.62,111.46,23.5,0.22
6.63,111.7,23.5,0.22
6.64,111.93,23.51,0.22
6.65,112.17,23.51,0.21
6.66,112.4,23.51,0.21
6.67,112.64,23.51,0.21
6.68,112.87,23.51,0.21
6.69,113.11,23.52,0.21
6.7,113.34,23.52,0.21
6.71,113.58,23.52,0.2
6.72,113.81,23.52,0.2
6.73,114.05,23.52,0.2
6.74,114.28,23.53,0.2
6.75,114.52,23.53,0.2
6.76,114.75,23.53,0.2
6.77,114.99,23.53,0.19
6.78,115.22,23.53,0.19
6.79,115.46,23.54,0.19
6.8,115.7,23.54,0.19
6.81,115.93,23.54,0.19
6.82,116.17,23.54,0.19
6.83,116.4,23.54,0.18
6.84,116.64,23.55,0.18
6.85,116.87,23.55,0.18
6.86,117.11,23.55,0.18
6.87,117.34,23.55,0.18
6.88,117.58,23.55,0.18
6.89,117.81,23.55,0.18
6.9,118.05,23.56,0.18
6.91,118.29,23.56,0.17
6.92,118.52,23.56,0.17
6.93,118.76,23.56,0.17
6.94,118.99,23.56,0.17
6.95,119.23,23.56,0.17
6.96,119.46,23.57,0.17
6.97,119.7,23.57,0.16
6.98,119.94,23.57,0.16
6.99,120.17,23.57,0.16
7.0,120.41,23.57,0.16
7.01,120.64,23.57,0.16
7.02,120.88,23.58,0.16
7.03,121.11,23.58,0.16
7.04,121.35,23.58,0.16
7.05,121.59,23.58,0.15
7.06,121.82,23.58,0.15
7.07,122.06,23.58,0.15
7.08,122.29,23.59,0.15
7.09,122.53,23.59,0.15
7.1,122.77,23.59,0.15
7.11,123.0,23.59,0.15
7.12,123.24,23.59,0.14
7.13,123.47,23.59,0.14
7.14,123.71,23.59,0.14
7.15,123.94,23.6,0.14
7.16,124.18,23.6,0.14
7.17,124.42,23.6,0.14
7.18,124.65,23.6,0.14
7.19,124.89,23.6,0.14
7.2,125.12,23.6,0.14
7.21,125.36,23.6,0.13
7.22,125.6,23.6,0.13
7.23,125.83,23.61,0.13
7.24,126.07,23.61,0.13
7.25,126.31,23.61,0.13
7.26,126.54,23.61,0.13
7.27,126.78,23.61,0.13
7.28,127.01,23.61,0.13
7.29,127.25,23.61,0.12
7.3,127.49,23.62,0.12
7.31,127.72,23.62,0.12
7.32,127.96,23.62,0.12
7.33,128.19,23.62,0.12
7.34,128.43,23.62,0.12
7.35,128.67,23.62,0.12
7.36,128.9,23.62,0.12
7.37,129.14,23.62,0.12
7.38,129.38,23.62,0.12
7.39,129.61,23.63,0.12
7.4,129.85,23.63,0.11
7.41,130.08,23.63,0.11
7.42,130.32,23.63,0.11
7.43,130.56,23.63,0.11
7.44,130.79,23.63,0.11
7.45,131.03,23.63,0.11
7.46,131.27,23.63,0.11
7.47,131.5,23.63,0.11
7.48,131.74,23.64,0.11
7.49,131.97,23.64,0.11
7.5,132.21,23.64,0.1
7.51,132.45,23.64,0.1
7.52,132.68,23.64,0.1
7.53,132.92,23.64,0.1
7.54,133.16,23.64,0.1
7.55,133.39,23.64,0.1
7.56,133.63,23.64,0.1
7.57,133.87,23.65,0.1
7.58,134.1,23.65,0.1
7.59,134.34,23.65,0.1
7.6,134.58,23.65,0.1
7.61,134.81,23.65,0.1
7.62,135.05,23.65,0.1
7.63,135.29,23.65,0.09
7.64,135.52,23.65,0.09
7.65,135.76,23.65,0.09
7.66,135.99,23.65,0.09
7.67,136.23,23.65,0.09
7.68,136.47,23.66,0.09
7.69,136.7,23.66,0.09
7.7,136.94,23.66,0.09
7.71,137.18,23.66,0.09
7.72,137.41,23.66,0.09
7.73,137.65,23.66,0.09
7.74,137.89,23.66,0.09
7.75,138.12,23.66,0.09
7.76,138.36,23.66,0.08
7.77,138.6,23.66,0.08
7.78,138.83,23.66,0.08
7.79,139.07,23.66,0.08
7.8,139.31,23.67,0.08
7.81,139.54,23.67,0.08
7.82,139.78,23.67,0.08
7.83,140.02,23.67,0.08
7.84,140.25,23.67,0.08
7.85,140.49,23.67,0.08
7.86,140.73,23.67,0.08
7.87,140.96,23.67,0.08
7.88,141.2,23.67,0.08
7.89,141.44,23.67,0.08
7.9,141.67,23.67,0.08
7.91,141.91,23.67,0.08
7.92,142.15,23.68,0.07
7.93,142.38,23.68,0.07
7.94,142.62,23.68,0.07
7.95,142.86,23.68,0.07
7.96,143.09,23.68,0.07
7.97,143.33,23.68,0.07
7.98,143.57,23.68,0.07
7.99,143.81,23.68,0.07
8.0,144.04,23.68,0.07
8.01,144.28,23.68,0.07
8.02,144.52,23.68,0.07
8.03,144.75,23.68,0.07
8.04,144.99,23.68,0.07
8.05,145.23,23.68,0.07
8.06,145.46,23.68,0.07
8.07,145.7,23.69,0.07
8.08,145.94,23.69,0.06
8.09,146.17,23.69,0.06
8.1,146.41,23.69,0.06
8.11,146.65,23.69,0.06
8.12,146.88,23.69,0.06
8.13,147.12,23.69,0.06
8.14,147.36,23.69,0.06
8.15,147.59,23.69,0.06
8.16,147.83,23.69,0.06
8.17,148.07,23.69,0.06
8.18,148.31,23.69,0.06
8.19,148.54,23.69,0.06
8.2,148.78,23.69,0.06
8.21,149.02,23.69,0.06
8.22,149.25,23.69,0.06
8.23,149.49,23.7,0.06
8.24,149.73,23.7,0.06
8.25,149.96,23.7,0.06
8.26,150.2,23.7,0.06
8.27,150.44,23.7,0.06
8.28,150.68,23.7,0.06
8.29,150.91,23.7,0.05
8.3,151.15,23.7,0.05
8.31,151.39,23.7,0.05
8.32,151.62,23.7,0.05
8.33,151.86,23.7,0.05
8.34,152.1,23.7,0.05
8.35,152.33,23.7,0.05
8.36,152.57,23.7,0.05
8.37,152.81,23.7,0.05
8.38,153.05,23.7,0.05
8.39,153.28,23.7,0.05
8.4,153.52,23.7,0.05
8.41,153.76,23.7,0.05
8.42,153.99,23.71,0.05
8.43,154.23,23.71,0.05
8.44,154.47,23.71,0.05
8.45,154.7,23.71,0.05
8.46,154.94,23.71,0.05
8.47,155.18,23.71,0.05
8.48,155.42,23.71,0.05
8.49,155.65,23.71,0.05
8.5,155.89,23.71,0.05
8.51,156.13,23.71,0.05
8.52,156.36,23.71,0.04
8.53,156.6,23.71,0.04
8.54,156.84,23.71,0.04
8.55,157.08,23.71,0.04
8.56,157.31,23.71,0.04
8.57,157.55,23.71,0.04
8.58,157.79,23.71,0.04
8.59,158.02,23.71,0.04
8.6,158.26,23.71,0.04
8.61,158.5,23.71,0.04
8.62,158.74,23.71,0.04
8.63,158.97,23.71,0.04
8.64,159.21,23.72,0.04
8.65,159.45,23.72,0.04
8.66,159.68,23.72,0.04
8.67,159.92,23.72,0.04
8.68,160.16,23.72,0.04
8.69,160.4,23.72,0.04
8.7,160.63,23.72,0.04
8.71,160.87,23.72,0.04
8.72,161.11,23.72,0.04
8.73,161.34,23.72,0.04
8.74,161.58,23.72,0.04
8.75,161.82,23.72,0.04
8.76,162.06,23.72,0.04
8.77,162.29,23.72,0.04
8.78,162.53,23.72,0.04
8.79,162.77,23.72,0.04
8.8,163.0,23.72,0.04
8.81,163.24,23.72,0.04
8.82,163.48,23.72,0.04
8.83,163.72,23.72,0.04
8.84,163.95,23.72,0.03
8.85,164.19,23.72,0.03
8.86,164.43,23.72,0.03
8.87,164.67,23.72,0.03
8.88,164.9,23.72,0.03
8.89,165.14,23.72,0.03
8.9,165.38,23.72,0.03
8.91,165.61,23.72,0.03
8.92,165.85,23.73,0.03
8.93,166.09,23.73,0.03
8.94,166.33,23.73,0.03
8.95,166.56,23.73,0.03
8.96,166.8,23.73,0.03
8.97,167.04,23.73,0.03
8.98,167.27,23.73,0.03
8.99,167.51,23.73,0.03
9.0,167.75,23.73,0.03
9.01,167.99,23.73,0.03
9.02,168.22,23.73,0.03
9.03,168.46,23.73,0.03
9.04,168.7,23.73,0.03
9.05,168.94,23.73,0.03
9.06,169.17,23.73,0.03
9.07,169.41,23.73,0.03
9.08,169.65,23.73,0.03
9.09,169.89,23.73,0.03
9.1,170.12,23.73,0.03
9.11,170.36,23.73,0.03
9.12,170.6,23.73,0.03
9.13,170.83,23.73,0.03
9.14,171.07,23.73,0.03
9.15,171.31,23.73,0.03
9.16,171.55,23.73,0.03
9.17,171.78,23.73,0.03
9.18,172.02,23.73,0.03
9.19,172.26,23.73,0.03
9.2,172.5,23.73,0.03
9.21,172.73,23.73,0.03
9.22,172.97,23.73,0.02
9.23,173.21,23.73,0.02
9.24,173.44,23.73,0.02
9.25,173.68,23.73,0.02
9.26,173.92,23.73,0.02
9.27,174.16,23.73,0.02
9.28,174.39,23.74,0.02
9.29,174.63,23.74,0.02
9.3,174.87,23.74,0.02
9.31,175.11,23.74,0.02
9.32,175.34,23.74,0.02
9.33,175.58,23.74,0.02
9.34,175.82,23.74,0.02
9.35,176.06,23.74,0.02
9.36,176.29,23.74,0.02
9.37,176.53,23.74,0.02
9.38,176.77,23.74,0.02
9.39,177.01,23.74,0.02
9.4,177.24,23.74,0.02
9.41,177.48,23.74,0.02
9.42,177.72,23.74,0.02
9.43,177.95,23.74,0.02
9.44,178.19,23.74,0.02
9.45,178.43,23.74,0.02
9.46,178.67,23.74,0.02
9.47,178.9,23.74,0.02
9.48,179.14,23.74,0.02
9.49,179.38,23.74,0.02
9.5,179.62,23.74,0.02
9.51,179.85,23.74,0.02
9.52,180.09,23.74,0.02
9.53,180.33,23.74,0.02
9.54,180.57,23.74,0.02
9.55,180.8,23.74,0.02
9.56,181.04,23.74,0.02
9.57,181.28,23.74,0.02
9.58,181.52,23.74,0.02
9.59,181.75,23.74,0.02
9.6,181.99,23.74,0.02
9.61,182.23,23.74,0.02
9.62,182.47,23.74,0.02
9.63,182.7,23.74,0.02
9.64,182.94,23.74,0.02
9.65,183.18,23.74,0.02
9.66,183.42,23.74,0.02
9.67,183.65,23.74,0.02
9.68,183.89,23.74,0.02
9.69,184.13,23.74,0.02
9.7,184.36,23.74,0.02
9.71,184.6,23.74,0.02
9.72,184.84,23.74,0.02
9.73,185.08,23.74,0.02
9.74,185.31,23.74,0.02
9.75,185.55,23.74,0.02
9.76,185.79,23.74,0.02
9.77,186.03,23.74,0.02
9.78,186.26,23.74,0.02
9.79,186.5,23.74,0.02
9.8,186.74,23.74,0.02
9.81,186.98,23.75,0.02
9.82,187.21,23.75,0.02
9.83,187.45,23.75,0.02
9.84,187.69,23.75,0.02
9.85,187.93,23.75,0.02
9.86,188.16,23.75,0.02
9.87,188.4,23.75,0.02
9.88,188.64,23.75,0.02
9.89,188.88,23.75,0.01
9.9,189.11,23.75,0.01
9.91,189.35,23.75,0.01
9.92,189.59,23.75,0.01
9.93,189.83,23.75,0.01
9.94,190.06,23.75,0.01
9.95,190.3,23.75,0.01
9.96,190.54,23.75,0.01
9.97,190.78,23.75,0.01
9.98,191.01,23.75,0.01
9.99,191.25,23.75,0.01
10.0,191.49,23.75,0.01
10.01,191.73,23.75,0.01
10.02,191.96,23.75,0.01
10.03,192.2,23.75,0.01
10.04,192.44,23.75,0.01
10.05,192.68,23.75,0.01
10.06,192.91,23.75,0.01
10.07,193.15,23.75,0.01
10.08,193.39,23.75,0.01
10.09,193.63,23.75,0.01
10.1,193.86,23.75,0.01
10.11,194.1,23.75,0.01
10.12,194.34,23.75,0.01
10.13,194.58,23.75,0.01
10.14,194.81,23.75,0.01
10.15,195.05,23.75,0.01
10.16,195.29,23.75,0.01
10.17,195.53,23.75,0.01
10.18,195.76,23.75,0.01
10.19,196.0,23.75,0.01
10.2,196.24,23.75,0.01
10.21,196.48,23.75,0.01
10.22,196.71,23.75,0.01
10.23,196.95,23.75,0.01
10.24,197.19,23.75,0.01
10.25,197.43,23.75,0.01
10.26,197.66,23.75,0.01
10.27,197.9,23.75,0.01
10.28,198.14,23.75,0.01
10.29,198.38,23.75,0.01
10.3,198.61,23.75,0.01
10.31,198.85,23.75,0.01
10.32,199.09,23.75,0.01
10.33,199.33,23.75,0.01
10.34,199.56,23.75,0.01
10.35,199.8,23.75,0.01
10.36,200.04,23.75,0.01
10.37,200.28,23.75,0.01
10.38,200.51,23.75,0.01
10.39,200.75,23.75,0.01
10.4,200.99,23.75,0.01
10.41,201.23,23.75,0.01
10.42,201.46,23.75,0.01
10.43,201.7,23.75,0.01
10.44,201.94,23.75,0.01
10.45,202.18,23.75,0.01
10.46,202.41,23.75,0.01
10.47,202.65,23.75,0.01
10.48,202.89,23.75,0.01
10.49,203.13,23.75,0.01
10.5,203.36,23.75,0.01
10.51,203.6,23.75,0.01
10.52,203.84,23.75,0.01
10.53,204.08,23.75,0.01
10.54,204.31,23.75,0.01
10.55,204.55,23.75,0.01
10.56,204.79,23.75,0.01
10.57,205.03,23.75,0.01
10.58,205.26,23.75,0.01
10.59,205.5,23.75,0.01
10.6,205.74,23.75,0.01
10.61,205.98,23.75,0.01
10.62,206.21,23.75,0.01
10.63,206.45,23.75,0.01
10.64,206.69,23.75,0.01
10.65,206.93,23.75,0.01
10.66,207.16,23.75,0.01
10.67,207.4,23.75,0.01
10.68,207.64,23.75,0.01
10.69,207.88,23.75,0.01
10.7,208.11,23.75,0.01
10.71,208.35,23.75,0.01
10.72,208.59,23.75,0.01
10.73,208.83,23.75,0.01
10.74,209.06,23.75,0.01
10.75,209.3,23.75,0.01
10.76,209.54,23.75,0.01
10.77,209.78,23.76,0.01
10.78,210.02,23.76,0.01
10.79,210.25,23.76,0.01
10.8,210.49,23.76,0.01
10.81,210.73,23.76,0.01
10.82,210.97,23.76,0.01
10.83,211.2,23.76,0.01
10.84,211.44,23.76,0.01
10.85,211.68,23.76,0.01
10.86,211.92,23.76,0.01
10.87,212.15,23.76,0.01
10.88,212.39,23.76,0.01
10.89,212.63,23.76,0.01
10.9,212.87,23.76,0.01
10.91,213.1,23.76,0.01
10.92,213.34,23.76,0.01
10.93,213.58,23.76,0.01
10.94,213.82,23.76,0.01
10.95,214.05,23.76,0.01
10.96,214.29,23.76,0.01
10.97,214.53,23.76,0.01
10.98,214.77,23.76,0.01
10.99,215.0,23.76,0.01
11.0,215.24,23.76,0.01
11.01,215.48,23.76,0.01
11.02,215.72,23.76,0.01
11.03,215.95,23.76,0.01
11.04,216.19,23.76,0.01
11.05,216.43,23.76,0.01
11.06,216.67,23.76,0.0
11.07,216.9,23.76,0.0
11.08,217.14,23.76,0.0
11.09,217.38,23.76,0.0
11.1,217.62,23.76,0.0
11.11,217.85,23.76,0.0
11.12,218.09,23.76,0.0
11.13,218.33,23.76,0.0
11.14,218.57,23.76,0.0
11.15,218.8,23.76,0.0
11.16,219.04,23.76,0.0
11.17,219.28,23.76,0.0
11.18,219.52,23.76,0.0
11.19,219.76,23.76,0.0
11.2,219.99,23.76,0.0
11.21,220.23,23.76,0.0
11.22,220.47,23.76,0.0
11.23,220.71,23.76,0.0
11.24,220.94,23.76,0.0
11.25,221.18,23.76,0.0
11.26,221.42,23.76,0.0
11.27,221.66,23.76,0.0
11.28,221.89,23.76,0.0
11.29,222.13,23.76,0.0
11.3,222.37,23.76,0.0
11.31,222.61,23.76,0.0
11.32,222.84,23.76,0.0
11.33,223.08,23.76,0.0
11.34,223.32,23.76,0.0
11.35,223.56,23.76,0.0
11.36,223.79,23.76,0.0
11.37,224.03,23.76,0.0
11.38,224.27,23.76,0.0
11.39,224.51,23.76,0.0
11.4,224.74,23.76,0.0
11.41,224.98,23.76,0.0
11.42,225.22,23.76,0.0
11.43,225.46,23.76,0.0
11.44,225.69,23.76,0.0
11.45,225.93,23.76,0.0
11.46,226.17,23.76,0.0
11.47,226.41,23.76,0.0
11.48,226.65,23.76,0.0
11.49,226.88,23.76,0.0
11.5,227.12,23.76,0.0
11.51,227.36,23.76,0.0
11.52,227.6,23.76,0.0
11.53,227.83,23.76,0.0
11.54,228.07,23.76,0.0
11.55,228.31,23.76,0.0
11.56,228.55,23.76,0.0
11.57,228.78,23.76,0.0
11.58,229.02,23.76,0.0
11.59,229.26,23.76,0.0
11.6,229.5,23.76,0.0
11.61,229.73,23.76,0.0
11.62,229.97,23.76,0.0
11.63,230.21,23.76,0.0
11.64,230.45,23.76,0.0
11.65,230.68,23.76,0.0
11.66,230.92,23.76,0.0
11.67,231.16,23.76,0.0
11.68,231.4,23.76,0.0
11.69,231.63,23.76,0.0
11.7,231.87,23.76,0.0
11.71,232.11,23.76,0.0
11.72,232.35,23.76,0.0
11.73,232.58,23.76,0.0
11.74,232.82,23.76,0.0
11.75,233.06,23.76,0.0
11.76,233.3,23.76,0.0
11.77,233.54,23.76,0.0
11.78,233.77,23.76,0.0
11.79,234.01,23.76,0.0
11.8,234.25,23.76,0.0
11.81,234.49,23.76,0.0
11.82,234.72,23.76,0.0
11.83,234.96,23.76,0.0
11.84,235.2,23.76,0.0
11.85,235.44,23.76,0.0
11.86,235.67,23.76,0.0
11.87,235.91,23.76,0.0
11.88,236.15,23.76,0.0
11.89,236.39,23.76,0.0
11.9,236.62,23.76,0.0
11.91,236.86,23.76,0.0
11.92,237.1,23.76,0.0
11.93,237.34,23.76,0.0
11.94,237.57,23.76,0.0
11.95,237.81,23.76,0.0
11.96,238.05,23.76,0.0
11.97,238.29,23.76,0.0
11.98,238.52,23.76,0.0
11.99,238.76,23.76,0.0
12.0,239.0,23.76,0.0
12.01,239.24,23.76,0.0
12.02,239.48,23.76,0.0
12.03,239.71,23.76,0.0
12.04,239.95,23.76,0.0
12.05,240.19,23.76,0.0
12.06,240.43,23.76,0.0
12.07,240.66,23.76,0.0
12.08,240.9,23.76,0.0
12.09,241.14,23.76,0.0
12.1,241.38,23.76,0.0
12.11,241.61,23.76,0.0
12.12,241.85,23.76,0.0
12.13,242.09,23.76,0.0
12.14,242.33,23.76,0.0
12.15,242.56,23.76,0.0
12.16,242.8,23.76,0.0
12.17,243.04,23.76,0.0
12.18,243.28,23.76,0.0
12.19,243.51,23.76,0.0
12.2,243.75,23.76,0.0
12.21,243.99,23.76,0.0
12.22,244.23,23.76,0.0
12.23,244.46,23.76,0.0
12.24,244.7,23.76,0.0
12.25,244.94,23.76,0.0
12.26,245.18,23.76,0.0
12.27,245.42,23.76,0.0
12.28,245.65,23.76,0.0
12.29,245.89,23.76,0.0
12.3,246.13,23.76,0.0
12.31,246.37,23.76,0.0
12.32,246.6,23.76,0.0
12.33,246.84,23.76,0.0
12.34,247.08,23.76,0.0
12.35,247.32,23.76,0.0
12.36,247.55,23.76,0.0
12.37,247.79,23.76,0.0
12.38,248.03,23.76,0.0
12.39,248.27,23.76,0.0
12.4,248.5,23.76,0.0
12.41,248.74,23.76,0.0
12.42,248.98,23.76,0.0
12.43,249.22,23.76,0.0
12.44,249.45,23.76,0.0
12.45,249.69,23.76,0.0
12.46,249.93,23.76,0.0
12.47,250.17,23.76,0.0
12.48,250.41,23.76,0.0
12.49,250.64,23.76,0.0
12.5,250.88,23.76,0.0
12.51,251.12,23.76,0.0
12.52,251.36,23.76,0.0
12.53,251.59,23.76,0.0
12.54,251.83,23.76,0.0
12.55,252.07,23.76,0.0
12.56,252.31,23.76,0.0
12.57,252.54,23.76,0.0
12.58,252.78,23.76,0.0
12.59,253.02,23.76,0.0
12.6,253.26,23.76,0.0
12.61,253.49,23.76,0.0
12.62,253.73,23.76,0.0
12.63,253.97,23.76,0.0
12.64,254.21,23.76,0.0
12.65,254.44,23.76,0.0
12.66,254.68,23.76,0.0
12.67,254.92,23.76,0.0
12.68,255.16,23.76,0.0
12.69,255.39,23.76,0.0
12.7,255.63,23.76,0.0
12.71,255.87,23.76,0.0
12.72,256.11,23.76,0.0
12.73,256.35,23.76,0.0
12.74,256.58,23.76,0.0
12.75,256.82,23.76,0.0
12.76,257.06,23.76,0.0
12.77,257.3,23.76,0.0
12.78,257.53,23.76,0.0
12.79,257.77,23.76,0.0
12.8,258.01,23.76,0.0
12.81,258.25,23.76,0.0
12.82,258.48,23.76,0.0
12.83,258.72,23.76,0.0
12.84,258.96,23.76,0.0
12.85,259.2,23.76,0.0
12.86,259.43,23.76,0.0
12.87,259.67,23.76,0.0
12.88,259.91,23.76,0.0
12.89,260.15,23.76,0.0
12.9,260.38,23.76,0.0
12.91,260.62,23.76,0.0
12.92,260.86,23.76,0.0
12.93,261.1,23.76,0.0
12.94,261.34,23.76,0.0
12.95,261.57,23.76,0.0
12.96,261.81,23.76,0.0
12.97,262.05,23.76,0.0
12.98,262.29,23.76,0.0
12.99,262.52,23.76,0.0
13.0,262.76,23.76,0.0
13.01,263.0,23.76,0.0
13.02,263.24,23.76,0.0
13.03,263.47,23.76,0.0
13.04,263.71,23.76,0.0
13.05,263.95,23.76,0.0
13.06,264.19,23.76,0.0
13.07,264.42,23.76,0.0
13.08,264.66,23.76,0.0
13.09,264.9,23.76,0.0
13.1,265.14,23.76,0.0
13.11,265.37,23.76,0.0
13.12,265.61,23.76,0.0
13.13,265.85,23.76,0.0
13.14,266.09,23.76,0.0
13.15,266.33,23.76,0.0
13.16,266.56,23.76,0.0
13.17,266.8,23.76,0.0
13.18,267.04,23.76,0.0
13.19,267.28,23.76,0.0
13.2,267.51,23.76,0.0
13.21,267.75,23.76,0.0
13.22,267.99,23.76,0.0
13.23,268.23,23.76,0.0
13.24,268.46,23.76,0.0
13.25,268.7,23.76,0.0
13.26,268.94,23.76,0.0
13.27,269.18,23.76,0.0
13.28,269.41,23.76,0.0
13.29,269.65,23.76,0.0
13.3,269.89,23.76,0.0
13.31,270.13,23.76,0.0
13.32,270.36,23.76,0.0
13.33,270.6,23.76,0.0
13.34,270.84,23.76,0.0
13.35,271.08,23.76,0.0
13.36,271.32,23.76,0.0
13.37,271.55,23.76,0.0
13.38,271.79,23.76,0.0
13.39,272.03,23.76,0.0
13.4,272.27,23.76,0.0
13.41,272.5,23.76,0.0
13.42,272.74,23.76,0.0
13.43,272.98,23.76,0.0
13.44,273.22,23.76,0.0
13.45,273.45,23.76,0.0
13.46,273.69,23.76,0.0
13.47,273.93,23.76,0.0
13.48,274.17,23.76,0.0
13.49,274.4,23.76,0.0
13.5,274.64,23.76,0.0
13.51,274.88,23.76,0.0
13.52,275.12,23.76,0.0
13.53,275.35,23.76,0.0
13.54,275.59,23.76,0.0
13.55,275.83,23.76,0.0
13.56,276.07,23.76,0.0
13.57,276.31,23.76,0.0
13.58,276.54,23.76,0.0
13.59,276.78,23.76,0.0
13.6,277.02,23.76,0.0
13.61,277.26,23.76,0.0
13.62,277.49,23.76,0.0
13.63,277.73,23.76,0.0
13.64,277.97,23.76,0.0
13.65,278.21,23.76,0.0
13.66,278.44,23.76,0.0
13.67,278.68,23.76,0.0
13.68,278.92,23.76,0.0
13.69,279.16,23.76,0.0
13.7,279.39,23.76,0.0
13.71,279.63,23.76,0.0
13.72,279.87,23.76,0.0
13.73,280.11,23.76,0.0
13.74,280.34,23.76,0.0
13.75,280.58,23.76,0.0
13.76,280.82,23.76,0.0
13.77,281.06,23.76,0.0
13.78,281.3,23.76,0.0
13.79,281.53,23.76,0.0
13.8,281.77,23.76,0.0
13.81,282.01,23.76,0.0
13.82,282.25,23.76,0.0
13.83,282.48,23.76,0.0
13.84,282.72,23.76,0.0
13.85,282.96,23.76,0.0
13.86,283.2,23.76,0.0
13.87,283.43,23.76,0.0
13.88,283.67,23.76,0.0
13.89,283.91,23.76,0.0
13.9,284.15,23.76,0.0
13.91,284.38,23.76,0.0
13.92,284.62,23.76,0.0
13.93,284.86,23.76,0.0
13.94,285.1,23.76,0.0
13.95,285.33,23.76,0.0
13.96,285.57,23.76,0.0
13.97,285.81,23.76,0.0
13.98,286.05,23.76,0.0
13.99,286.29,23.76,0.0
14.0,286.52,23.76,0.0
14.01,286.76,23.76,0.0
14.02,287.0,23.76,0.0
14.03,287.24,23.76,0.0
14.04,287.47,23.76,0.0
14.05,287.71,23.76,0.0
14.06,287.95,23.76,0.0
14.07,288.19,23.76,0.0
14.08,288.42,23.76,0.0
14.09,288.66,23.76,0.0
14.1,288.9,23.76,0.0
14.11,289.14,23.76,0.0
14.12,289.37,23.76,0.0
14.13,289.61,23.76,0.0
14.14,289.85,23.76,0.0
14.15,290.09,23.76,0.0
14.16,290.33,23.76,0.0
14.17,290.56,23.76,0.0
14.18,290.8,23.76,0.0
14.19,291.04,23.76,0.0
14.2,291.28,23.76,0.0
14.21,291.51,23.76,0.0
14.22,291.75,23.76,0.0
14.23,291.99,23.76,0.0
14.24,292.23,23.76,0.0
14.25,292.46,23.76,0.0
14.26,292.7,23.76,0.0
14.27,292.94,23.76,0.0
14.28,293.18,23.76,0.0
14.29,293.41,23.76,0.0
14.3,293.65,23.76,0.0
14.31,293.89,23.76,0.0
14.32,294.13,23.76,0.0
14.33,294.36,23.76,0.0
14.34,294.6,23.76,0.0
14.35,294.84,23.76,0.0
14.36,295.08,23.76,0.0
14.37,295.32,23.76,0.0
14.38,295.55,23.76,0.0
14.39,295.79,23.76,0.0
14.4,296.03,23.76,0.0
14.41,296.27,23.76,0.0
14.42,296.5,23.76,0.0
14.43,296.74,23.76,0.0
14.44,296.98,23.76,0.0
14.45,297.22,23.76,0.0
14.46,297.45,23.76,0.0
14.47,297.69,23.76,0.0
14.48,297.93,23.76,0.0
14.49,298.17,23.76,0.0
14.5,298.4,23.76,0.0
14.51,298.64,23.76,0.0
14.52,298.88,23.76,0.0
14.53,299.12,23.76,0.0
14.54,299.35,23.76,0.0
14.55,299.59,23.76,0.0
14.56,299.83,23.76,0.0
14.57,300.07,23.76,0.0
14.58,300.31,23.76,0.0
14.59,300.54,23.76,0.0
14.6,300.78,23.76,0.0
14.61,301.02,23.76,0.0
14.62,301.26,23.76,0.0
14.63,301.49,23.76,0.0
14.64,301.73,23.76,0.0
14.65,301.97,23.76,0.0
14.66,302.21,23.76,0.0
14.67,302.44,23.76,0.0
14.68,302.68,23.76,0.0
14.69,302.92,23.76,0.0
14.7,303.16,23.76,0.0
14.71,303.39,23.76,0.0
14.72,303.63,23.76,0.0
14.73,303.87,23.76,0.0
14.74,304.11,23.76,0.0
14.75,304.35,23.76,0.0
14.76,304.58,23.76,0.0
14.77,304.82,23.76,0.0
14.78,305.06,23.76,0.0
14.79,305.3,23.76,0.0
14.8,305.53,23.76,0.0
14.81,305.77,23.76,0.0
14.82,306.01,23.76,0.0
14.83,306.25,23.76,0.0
14.84,306.48,23.76,0.0
14.85,306.72,23.76,0.0
14.86,306.96,23.76,0.0
14.87,307.2,23.76,0.0
14.88,307.43,23.76,0.0
14.89,307.67,23.76,0.0
14.9,307.91,23.76,0.0
14.91,308.15,23.76,0.0
14.92,308.38,23.76,0.0
14.93,308.62,23.76,0.0
14.94,308.86,23.76,0.0
14.95,309.1,23.76,0.0
14.96,309.34,23.76,0.0
14.97,309.57,23.76,0.0
14.98,309.81,23.76,0.0
14.99,310.05,23.76,0.0
15.0,310.29,23.76,0.0
15.01,310.52,23.76,0.0
15.02,310.76,23.76,0.0
15.03,311.0,23.76,0.0
15.04,311.24,23.76,0.0
15.05,311.47,23.76,0.0
15.06,311.71,23.76,0.0
15.07,311.95,23.76,0.0
15.08,312.19,23.76,0.0
15.09,312.42,23.76,0.0
15.1,312.66,23.76,0.0
15.11,312.9,23.76,0.0
15.12,313.14,23.76,0.0
15.13,313.37,23.76,0.0
15.14,313.61,23.76,0.0
15.15,313.85,23.76,0.0
15.16,314.09,23.76,0.0
15.17,314.33,23.76,0.0
15.18,314.56,23.76,0.0
15.19,314.8,23.76,0.0
15.2,315.04,23.76,0.0
15.21,315.28,23.76,0.0
15.22,315.51,23.76,0.0
15.23,315.75,23.76,0.0
15.24,315.99,23.76,0.0
15.25,316.23,23.76,0.0
15.26,316.46,23.76,0.0
15.27,316.7,23.76,0.0
15.28,316.94,23.76,0.0
15.29,317.18,23.76,0.0
15.3,317.41,23.76,0.0
15.31,317.65,23.76,0.0
15.32,317.89,23.76,0.0
15.33,318.13,23.76,0.0
15.34,318.37,23.76,0.0
15.35,318.6,23.76,0.0
15.36,318.84,23.76,0.0
15.37,319.08,23.76,0.0
15.38,319.32,23.76,0.0
15.39,319.55,23.76,0.0
15.4,319.79,23.76,0.0
15.41,320.03,23.76,0.0
15.42,320.27,23.76,0.0
15.43,320.5,23.76,0.0
15.44,320.74,23.76,0.0
15.45,320.98,23.76,0.0
15.46,321.22,23.76,0.0
15.47,321.45,23.76,0.0
15.48,321.69,23.76,0.0
15.49,321.93,23.76,0.0
15.5,322.17,23.76,0.0
15.51,322.4,23.76,0.0
15.52,322.64,23.76,0.0
15.53,322.88,23.76,0.0
15.54,323.12,23.76,0.0
15.55,323.36,23.76,0.0
15.56,323.59,23.76,0.0
15.57,323.83,23.76,0.0
15.58,324.07,23.76,0.0
15.59,324.31,23.76,0.0
15.6,324.54,23.76,0.0
15.61,324.78,23.76,0.0
15.62,325.02,23.76,0.0
15.63,325.26,23.76,0.0
15.64,325.49,23.76,0.0
15.65,325.73,23.76,0.0
15.66,325.97,23.76,0.0
15.67,326.21,23.76,0.0
15.68,326.44,23.76,0.0
15.69,326.68,23.76,0.0
15.7,326.92,23.76,0.0
15.71,327.16,23.76,0.0
15.72,327.39,23.76,0.0
15.73,327.63,23.76,0.0
15.74,327.87,23.76,0.0
15.75,328.11,23.76,0.0
15.76,328.35,23.76,0.0
15.77,328.58,23.76,0.0
15.78,328.82,23.76,0.0
15.79,329.06,23.76,0.0
15.8,329.3,23.76,0.0
15.81,329.53,23.76,0.0
15.82,329.77,23.76,0.0
15.83,330.01,23.76,0.0
15.84,330.25,23.76,0.0
15.85,330.48,23.76,0.0
15.86,330.72,23.76,0.0
15.87,330.96,23.76,0.0
15.88,331.2,23.76,0.0
15.89,331.43,23.76,0.0
15.9,331.67,23.76,0.0
15.91,331.91,23.76,0.0
15.92,332.15,23.76,0.0
15.93,332.39,23.76,0.0
15.94,332.62,23.76,0.0
15.95,332.86,23.76,0.0
15.96,333.1,23.76,0.0
15.97,333.34,23.76,0.0
15.98,333.57,23.76,0.0
15.99,333.81,23.76,0.0
16.0,334.05,23.76,0.0
16.01,334.29,23.76,0.0
16.02,334.52,23.76,0.0
16.03,334.76,23.76,0.0
16.04,335.0,23.76,0.0
16.05,335.24,23.76,0.0
16.06,335.47,23.76,0.0
16.07,335.71,23.76,0.0
16.08,335.95,23.76,0.0
16.09,336.19,23.76,0.0
16.1,336.42,23.76,0.0
16.11,336.66,23.76,0.0
16.12,336.9,23.76,0.0
16.13,337.14,23.76,0.0
16.14,337.38,23.76,0.0
16.15,337.61,23.76,0.0
16.16,337.85,23.76,0.0
16.17,338.09,23.76,0.0
16.18,338.33,23.76,0.0
16.19,338.56,23.76,0.0
16.2,338.8,23.76,0.0
16.21,339.04,23.76,0.0
16.22,339.28,23.76,0.0
16.23,339.51,23.76,0.0
16.24,339.75,23.76,0.0
16.25,339.99,23.76,0.0
16.26,340.23,23.76,0.0
16.27,340.46,23.76,0.0
16.28,340.7,23.76,0.0
16.29,340.94,23.76,0.0
16.3,341.18,23.76,0.0
16.31,341.42,23.76,0.0
16.32,341.65,23.76,0.0
16.33,341.89,23.76,0.0
16.34,342.13,23.76,0.0
16.35,342.37,23.76,0.0
16.36,342.6,23.76,0.0
16.37,342.84,23.76,0.0
16.38,343.08,23.76,0.0
16.39,343.32,23.76,0.0
16.4,343.55,23.76,0.0
16.41,343.79,23.76,0.0
16.42,344.03,23.76,0.0
16.43,344.27,23.76,0.0
16.44,344.5,23.76,0.0
16.45,344.74,23.76,0.0
16.46,344.98,23.76,0.0
16.47,345.22,23.76,0.0
16.48,345.45,23.76,0.0
16.49,345.69,23.76,0.0
16.5,345.93,23.76,0.0
16.51,346.17,23.76,0.0
16.52,346.41,23.76,0.0
16.53,346.64,23.76,0.0
16.54,346.88,23.76,0.0
16.55,347.12,23.76,0.0
16.56,347.36,23.76,0.0
16.57,347.59,23.76,0.0
16.58,347.83,23.76,0.0
16.59,348.07,23.76,0.0
16.6,348.31,23.76,0.0
16.61,348.54,23.76,0.0
16.62,348.78,23.76,0.0
16.63,349.02,23.76,0.0
16.64,349.26,23.76,0.0
16.65,349.49,23.76,0.0
16.66,349.73,23.76,0.0
16.67,349.97,23.76,0.0
16.68,350.21,23.76,0.0
16.69,350.44,23.76,0.0
16.7,350.68,23.76,0.0
16.71,350.92,23.76,0.0
16.72,351.16,23.76,0.0
16.73,351.4,23.76,0.0
16.74,351.63,23.76,0.0
16.75,351.87,23.76,0.0
16.76,352.11,23.76,0.0
16.77,352.35,23.76,0.0
16.78,352.58,23.76,0.0
16.79,352.82,23.76,0.0
16.8,353.06,23.76,0.0
16.81,353.3,23.76,0.0
16.82,353.53,23.76,0.0
16.83,353.77,23.76,0.0
16.84,354.01,23.76,0.0
16.85,354.25,23.76,0.0
16.86,354.48,23.76,0.0
16.87,354.72,23.76,0.0
16.88,354.96,23.76,0.0
16.89,355.2,23.76,0.0
16.9,355.44,23.76,0.0
16.91,355.67,23.76,0.0
16.92,355.91,23.76,0.0
16.93,356.15,23.76,0.0
16.94,356.39,23.76,0.0
16.95,356.62,23.76,0.0
16.96,356.86,23.76,0.0
16.97,357.1,23.76,0.0
16.98,357.34,23.76,0.0
16.99,357.57,23.76,0.0
17.0,357.81,23.76,0.0
17.01,358.05,23.76,0.0
17.02,358.29,23.76,0.0
17.03,358.52,23.76,0.0
17.04,358.76,23.76,0.0
17.05,359.0,23.76,0.0
17.06,359.24,23.76,0.0
17.07,359.47,23.76,0.0
17.08,359.71,23.76,0.0
17.09,359.95,23.76,0.0
17.1,360.19,23.76,0.0
17.11,360.43,23.76,0.0
17.12,360.66,23.76,0.0
17.13,360.9,23.76,0.0
17.14,361.14,23.76,0.0
17.15,361.38,23.76,0.0
17.16,361.61,23.76,0.0
17.17,361.85,23.76,0.0
17.18,362.09,23.76,0.0
17.19,362.33,23.76,0.0
17.2,362.56,23.76,0.0
17.21,362.8,23.76,0.0
17.22,363.04,23.76,0.0
17.23,363.28,23.76,0.0
17.24,363.51,23.76,0.0
17.25,363.75,23.76,0.0
17.26,363.99,23.76,0.0
17.27,364.23,23.76,0.0
17.28,364.46,23.76,0.0
17.29,364.7,23.76,0.0
17.3,364.94,23.76,0.0
17.31,365.18,23.76,0.0
17.32,365.42,23.76,0.0
17.33,365.65,23.76,0.0
17.34,365.89,23.76,0.0
17.35,366.13,23.76,0.0
17.36,366.37,23.76,0.0
17.37,366.6,23.76,0.0
17.38,366.84,23.76,0.0
17.39,367.08,23.76,0.0
17.4,367.32,23.76,0.0
17.41,367.55,23.76,0.0
17.42,367.79,23.76,0.0
17.43,368.03,23.76,0.0
17.44,368.27,23.76,0.0
17.45,368.5,23.76,0.0
17.46,368.74,23.76,0.0
17.47,368.98,23.76,0.0
17.48,369.22,23.76,0.0
17.49,369.46,23.76,0.0
17.5,369.69,23.76,0.0
17.51,369.93,23.76,0.0
17.52,370.17,23.76,0.0
17.53,370.41,23.76,0.0
17.54,370.64,23.76,0.0
17.55,370.88,23.76,0.0
17.56,371.12,23.76,0.0
17.57,371.36,23.76,0.0
17.58,371.59,23.76,0.0
17.59,371.83,23.76,0.0
17.6,372.07,23.76,0.0
17.61,372.31,23.76,0.0
17.62,372.54,23.76,0.0
17.63,372.78,23.76,0.0
17.64,373.02,23.76,0.0
17.65,373.26,23.76,0.0
17.66,373.49,23.76,0.0
17.67,373.73,23.76,0.0
17.68,373.97,23.76,0.0
17.69,374.21,23.76,0.0
17.7,374.45,23.76,0.0
17.71,374.68,23.76,0.0
17.72,374.92,23.76,0.0
17.73,375.16,23.76,0.0
17.74,375.4,23.76,0.0
17.75,375.63,23.76,0.0
17.76,375.87,23.76,0.0
17.77,376.11,23.76,0.0
17.78,376.35,23.76,0.0
17.79,376.58,23.76,0.0
17.8,376.82,23.76,0.0
17.81,377.06,23.76,0.0
17.82,377.3,23.76,0.0
17.83,377.53,23.76,0.0
17.84,377.77,23.76,0.0
17.85,378.01,23.76,0.0
17.86,378.25,23.76,0.0
17.87,378.48,23.76,0.0
17.88,378.72,23.76,0.0
17.89,378.96,23.76,0.0
17.9,379.2,23.76,0.0
17.91,379.44,23.76,0.0
17.92,379.67,23.76,0.0
17.93,379.91,23.76,0.0
17.94,380.15,23.76,0.0
17.95,380.39,23.76,0.0
17.96,380.62,23.76,0.0
17.97,380.86,23.76,0.0
17.98,381.1,23.76,0.0
17.99,381.34,23.76,0.0
18.0,381.57,23.76,0.0
18.01,381.81,23.76,0.0
18.02,382.05,23.76,0.0
18.03,382.29,23.76,0.0
18.04,382.52,23.76,0.0
18.05,382.76,23.76,0.0
18.06,383.0,23.76,0.0
18.07,383.24,23.76,0.0
18.08,383.48,23.76,0.0
18.09,383.71,23.76,0.0
18.1,383.95,23.76,0.0
18.11,384.19,23.76,0.0
18.12,384.43,23.76,0.0
18.13,384.66,23.76,0.0
18.14,384.9,23.76,0.0
18.15,385.14,23.76,0.0
18.16,385.38,23.76,0.0
18.17,385.61,23.76,0.0
18.18,385.85,23.76,0.0
18.19,386.09,23.76,0.0
18.2,386.33,23.76,0.0
18.21,386.56,23.76,0.0
18.22,386.8,23.76,0.0
18.23,387.04,23.76,0.0
18.24,387.28,23.76,0.0
18.25,387.51,23.76,0.0
18.26,387.75,23.76,0.0
18.27,387.99,23.76,0.0
18.28,388.23,23.76,0.0
18.29,388.47,23.76,0.0
18.3,388.7,23.76,0.0
18.31,388.94,23.76,0.0
18.32,389.18,23.76,0.0
18.33,389.42,23.76,0.0
18.34,389.65,23.76,0.0
18.35,389.89,23.76,0.0
18.36,390.13,23.76,0.0
18.37,390.37,23.76,0.0
18.38,390.6,23.76,0.0
18.39,390.84,23.76,0.0
18.4,391.08,23.76,0.0
18.41,391.32,23.76,0.0
18.42,391.55,23.76,0.0
18.43,391.79,23.76,0.0
18.44,392.03,23.76,0.0
18.45,392.27,23.76,0.0
18.46,392.5,23.76,0.0
18.47,392.74,23.76,0.0
18.48,392.98,23.76,0.0
18.49,393.22,23.76,0.0
18.5,393.46,23.76,0.0
18.51,393.69,23.76,0.0
18.52,393.93,23.76,0.0
18.53,394.17,23.76,0.0
18.54,394.41,23.76,0.0
18.55,394.64,23.76,0.0
18.56,394.88,23.76,0.0
18.57,395.12,23.76,0.0
18.58,395.36,23.76,0.0
18.59,395.59,23.76,0.0
18.6,395.83,23.76,0.0
18.61,396.07,23.76,0.0
18.62,396.31,23.76,0.0
18.63,396.54,23.76,0.0
18.64,396.78,23.76,0.0
18.65,397.02,23.76,0.0
18.66,397.26,23.76,0.0
18.67,397.5,23.76,0.0
18.68,397.73,23.76,0.0
18.69,397.97,23.76,0.0
18.7,398.21,23.76,0.0
18.71,398.45,23.76,0.0
18.72,398.68,23.76,0.0
18.73,398.92,23.76,0.0
18.74,399.16,23.76,0.0
18.75,399.4,23.76,0.0
18.76,399.63,23.76,0.0
18.77,399.87,23.76,0.0
18.78,400.11,23.76,0.0
18.79,400.35,23.76,0.0
18.8,400.58,23.76,0.0
18.81,400.82,23.76,0.0
18.82,401.06,23.76,0.0
18.83,401.3,23.76,0.0
18.84,401.53,23.76,0.0
18.85,401.77,23.76,0.0
18.86,402.01,23.76,0.0
18.87,402.25,23.76,0.0
18.88,402.49,23.76,0.0
18.89,402.72,23.76,0.0
18.9,402.96,23.76,0.0
18.91,403.2,23.76,0.0
18.92,403.44,23.76,0.0
18.93,403.67,23.76,0.0
18.94,403.91,23.76,0.0
18.95,404.15,23.76,0.0
18.96,404.39,23.76,0.0
18.97,404.62,23.76,0.0
18.98,404.86,23.76,0.0
18.99,405.1,23.76,0.0
19.0,405.34,23.76,0.0
19.01,405.57,23.76,0.0
19.02,405.81,23.76,0.0
19.03,406.05,23.76,0.0
19.04,406.29,23.76,0.0
19.05,406.53,23.76,0.0
19.06,406.76,23.76,0.0
19.07,407.0,23.76,0.0
19.08,407.24,23.76,0.0
19.09,407.48,23.76,0.0
19.1,407.71,23.76,0.0
19.11,407.95,23.76,0.0
19.12,408.19,23.76,0.0
19.13,408.43,23.76,0.0
19.14,408.66,23.76,0.0
19.15,408.9,23.76,0.0
19.16,409.14,23.76,0.0
19.17,409.38,23.76,0.0
19.18,409.61,23.76,0.0
19.19,409.85,23.76,0.0
19.2,410.09,23.76,0.0
19.21,410.33,23.76,0.0
19.22,410.56,23.76,0.0
19.23,410.8,23.76,0.0
19.24,411.04,23.76,0.0
19.25,411.28,23.76,0.0
19.26,411.52,23.76,0.0
19.27,411.75,23.76,0.0
19.28,411.99,23.76,0.0
19.29,412.23,23.76,0.0
19.3,412.47,23.76,0.0
19.31,412.7,23.76,0.0
19.32,412.94,23.76,0.0
19.33,413.18,23.76,0.0
19.34,413.42,23.76,0.0
19.35,413.65,23.76,0.0
19.36,413.89,23.76,0.0
19.37,414.13,23.76,0.0
19.38,414.37,23.76,0.0
19.39,414.6,23.76,0.0
19.4,414.84,23.76,0.0
19.41,415.08,23.76,0.0
19.42,415.32,23.76,0.0
19.43,415.55,23.76,0.0
19.44,415.79,23.76,0.0
19.45,416.03,23.76,0.0
19.46,416.27,23.76,0.0
19.47,416.51,23.76,0.0
19.48,416.74,23.76,0.0
19.49,416.98,23.76,0.0
19.5,417.22,23.76,0.0
19.51,417.46,23.76,0.0
19.52,417.69,23.76,0.0
19.53,417.93,23.76,0.0
19.54,418.17,23.76,0.0
19.55,418.41,23.76,0.0
19.56,418.64,23.76,0.0
19.57,418.88,23.76,0.0
19.58,419.12,23.76,0.0
19.59,419.36,23.76,0.0
19.6,419.59,23.76,0.0
19.61,419.83,23.76,0.0
19.62,420.07,23.76,0.0
19.63,420.31,23.76,0.0
19.64,420.55,23.76,0.0
19.65,420.78,23.76,0.0
19.66,421.02,23.76,0.0
19.67,421.26,23.76,0.0
19.68,421.5,23.76,0.0
19.69,421.73,23.76,0.0
19.7,421.97,23.76,0.0
19.71,422.21,23.76,0.0
19.72,422.45,23.76,0.0
19.73,422.68,23.76,0.0
19.74,422.92,23.76,0.0
19.75,423.16,23.76,0.0
19.76,423.4,23.76,0.0
19.77,423.63,23.76,0.0
19.78,423.87,23.76,0.0
19.79,424.11,23.76,0.0
19.8,424.35,23.76,0.0
19.81,424.58,23.76,0.0
19.82,424.82,23.76,0.0
19.83,425.06,23.76,0.0
19.84,425.3,23.76,0.0
19.85,425.54,23.76,0.0
19.86,425.77,23.76,0.0
19.87,426.01,23.76,0.0
19.88,426.25,23.76,0.0
19.89,426.49,23.76,0.0
19.9,426.72,23.76,0.0
19.91,426.96,23.76,0.0
19.92,427.2,23.76,0.0
19.93,427.44,23.76,0.0
19.94,427.67,23.76,0.0
19.95,427.91,23.76,0.0
19.96,428.15,23.76,0.0
19.97,428.39,23.76,0.0
19.98,428.62,23.76,0.0
19.99,428.86,23.76,0.0
20.0,429.1,23.76,0.0
20.01,429.34,23.76,0.0
20.02,429.57,23.76,0.0
20.03,429.81,23.76,0.0
20.04,430.05,23.76,0.0
20.05,430.29,23.76,0.0
20.06,430.53,23.76,0.0
20.07,430.76,23.76,0.0
20.08,431.0,23.76,0.0
20.09,431.24,23.76,0.0
20.1,431.48,23.76,0.0
20.11,431.71,23.76,0.0
20.12,431.95,23.76,0.0
20.13,432.19,23.76,0.0
20.14,432.43,23.76,0.0
20.15,432.66,23.76,0.0
20.16,432.9,23.76,0.0
20.17,433.14,23.76,0.0
20.18,433.38,23.76,0.0
20.19,433.61,23.76,0.0
20.2,433.85,23.76,0.0
20.21,434.09,23.76,0.0
20.22,434.33,23.76,0.0
20.23,434.57,23.76,0.0
20.24,434.8,23.76,0.0
20.25,435.04,23.76,0.0
20.26,435.28,23.76,0.0
20.27,435.52,23.76,0.0
20.28,435.75,23.76,0.0
20.29,435.99,23.76,0.0
20.3,436.23,23.76,0.0
20.31,436.47,23.76,0.0
20.32,436.7,23.76,0.0
20.33,436.94,23.76,0.0
20.34,437.18,23.76,0.0
20.35,437.42,23.76,0.0
20.36,437.65,23.76,0.0
20.37,437.89,23.76,0.0
20.38,438.13,23.76,0.0
20.39,438.37,23.76,0.0
20.4,438.6,23.76,0.0
20.41,438.84,23.76,0.0
20.42,439.08,23.76,0.0
20.43,439.32,23.76,0.0
20.44,439.56,23.76,0.0
20.45,439.79,23.76,0.0
20.46,440.03,23.76,0.0
20.47,440.27,23.76,0.0
20.48,440.51,23.76,0.0
20.49,440.74,23.76,0.0
20.5,440.98,23.76,0.0
20.51,441.22,23.76,0.0
20.52,441.46,23.76,0.0
20.53,441.69,23.76,0.0
20.54,441.93,23.76,0.0
20.55,442.17,23.76,0.0
20.56,442.41,23.76,0.0
20.57,442.64,23.76,0.0
20.58,442.88,23.76,0.0
20.59,443.12,23.76,0.0
20.6,443.36,23.76,0.0
20.61,443.59,23.76,0.0
20.62,443.83,23.76,0.0
20.63,444.07,23.76,0.0
20.64,444.31,23.76,0.0
20.65,444.55,23.76,0.0
20.66,444.78,23.76,0.0
20.67,445.02,23.76,0.0
20.68,445.26,23.76,0.0
20.69,445.5,23.76,0.0
20.7,445.73,23.76,0.0
20.71,445.97,23.76,0.0
20.72,446.21,23.76,0.0
20.73,446.45,23.76,0.0
20.74,446.68,23.76,0.0
20.75,446.92,23.76,0.0
20.76,447.16,23.76,0.0
20.77,447.4,23.76,0.0
20.78,447.63,23.76,0.0
20.79,447.87,23.76,0.0
20.8,448.11,23.76,0.0
20.81,448.35,23.76,0.0
20.82,448.59,23.76,0.0
20.83,448.82,23.76,0.0
20.84,449.06,23.76,0.0
20.85,449.3,23.76,0.0
20.86,449.54,23.76,0.0
20.87,449.77,23.76,0.0
20.88,450.01,23.76,0.0
20.89,450.25,23.76,0.0
20.9,450.49,23.76,0.0
20.91,450.72,23.76,0.0
20.92,450.96,23.76,0.0
20.93,451.2,23.76,0.0
20.94,451.44,23.76,0.0
20.95,451.67,23.76,0.0
20.96,451.91,23.76,0.0
20.97,452.15,23.76,0.0
20.98,452.39,23.76,0.0
20.99,452.62,23.76,0.0
21.0,452.86,23.76,0.0
21.01,453.1,23.76,0.0
21.02,453.34,23.76,0.0
21.03,453.58,23.76,0.0
21.04,453.81,23.76,0.0
21.05,454.05,23.76,0.0
21.06,454.29,23.76,0.0
21.07,454.53,23.76,0.0
21.08,454.76,23.76,0.0
21.09,455.0,23.76,0.0
21.1,455.24,23.76,0.0
21.11,455.48,23.76,0.0
21.12,455.71,23.76,0.0
21.13,455.95,23.76,0.0
21.14,456.19,23.76,0.0
21.15,456.43,23.76,0.0
21.16,456.66,23.76,0.0
21.17,456.9,23.76,0.0
21.18,457.14,23.76,0.0
21.19,457.38,23.76,0.0
21.2,457.61,23.76,0.0
21.21,457.85,23.76,0.0
21.22,458.09,23.76,0.0
21.23,458.33,23.76,0.0
21.24,458.57,23.76,0.0
21.25,458.8,23.76,0.0
21.26,459.04,23.76,0.0
21.27,459.28,23.76,0.0
21.28,459.52,23.76,0.0
21.29,459.75,23.76,0.0
21.3,459.99,23.76,0.0
21.31,460.23,23.76,0.0
21.32,460.47,23.76,0.0
21.33,460.7,23.76,0.0
21.34,460.94,23.76,0.0
21.35,461.18,23.76,0.0
21.36,461.42,23.76,0.0
21.37,461.65,23.76,0.0
21.38,461.89,23.76,0.0
21.39,462.13,23.76,0.0
21.4,462.37,23.76,0.0
21.41,462.61,23.76,0.0
21.42,462.84,23.76,0.0
21.43,463.08,23.76,0.0
21.44,463.32,23.76,0.0
21.45,463.56,23.76,0.0
21.46,463.79,23.76,0.0
21.47,464.03,23.76,0.0
21.48,464.27,23.76,0.0
21.49,464.51,23.76,0.0
21.5,464.74,23.76,0.0
21.51,464.98,23.76,0.0
21.52,465.22,23.76,0.0
21.53,465.46,23.76,0.0
21.54,465.69,23.76,0.0
21.55,465.93,23.76,0.0
21.56,466.17,23.76,0.0
21.57,466.41,23.76,0.0
21.58,466.64,23.76,0.0
21.59,466.88,23.76,0.0
21.6,467.12,23.76,0.0
21.61,467.36,23.76,0.0
21.62,467.6,23.76,0.0
21.63,467.83,23.76,0.0
21.64,468.07,23.76,0.0
21.65,468.31,23.76,0.0
21.66,468.55,23.76,0.0
21.67,468.78,23.76,0.0
21.68,469.02,23.76,0.0
21.69,469.26,23.76,0.0
21.7,469.5,23.76,0.0
21.71,469.73,23.76,0.0
21.72,469.97,23.76,0.0
21.73,470.21,23.76,0.0
21.74,470.45,23.76,0.0
21.75,470.68,23.76,0.0
21.76,470.92,23.76,0.0
21.77,471.16,23.76,0.0
21.78,471.4,23.76,0.0
21.79,471.64,23.76,0.0
21.8,471.87,23.76,0.0
21.81,472.11,23.76,0.0
21.82,472.35,23.76,0.0
21.83,472.59,23.76,0.0
21.84,472.82,23.76,0.0
21.85,473.06,23.76,0.0
21.86,473.3,23.76,0.0
21.87,473.54,23.76,0.0
21.88,473.77,23.76,0.0
21.89,474.01,23.76,0.0
21.9,474.25,23.76,0.0
21.91,474.49,23.76,0.0
21.92,474.72,23.76,0.0
21.93,474.96,23.76,0.0
21.94,475.2,23.76,0.0
21.95,475.44,23.76,0.0
21.96,475.67,23.76,0.0
21.97,475.91,23.76,0.0
21.98,476.15,23.76,0.0
21.99,476.39,23.76,0.0
22.0,476.63,23.76,0.0
22.01,476.86,23.76,0.0
22.02,477.1,23.76,0.0
22.03,477.34,23.76,0.0
22.04,477.58,23.76,0.0
22.05,477.81,23.76,0.0
22.06,478.05,23.76,0.0
22.07,478.29,23.76,0.0
22.08,478.53,23.76,0.0
22.09,478.76,23.76,0.0
22.1,479.0,23.76,0.0
22.11,479.24,23.76,0.0
22.12,479.48,23.76,0.0
22.13,479.71,23.76,0.0
22.14,479.95,23.76,0.0
22.15,480.19,23.76,0.0
22.16,480.43,23.76,0.0
22.17,480.66,23.76,0.0
22.18,480.9,23.76,0.0
22.19,481.14,23.76,0.0
22.2,481.38,23.76,0.0
22.21,481.62,23.76,0.0
22.22,481.85,23.76,0.0
22.23,482.09,23.76,0.0
22.24,482.33,23.76,0.0
22.25,482.57,23.76,0.0
22.26,482.8,23.76,0.0
22.27,483.04,23.76,0.0
22.28,483.28,23.76,0.0
22.29,483.52,23.76,0.0
22.3,483.75,23.76,0.0
22.31,483.99,23.76,0.0
22.32,484.23,23.76,0.0
22.33,484.47,23.76,0.0
22.34,484.7,23.76,0.0
22.35,484.94,23.76,0.0
22.36,485.18,23.76,0.0
22.37,485.42,23.76,0.0
22.38,485.66,23.76,0.0
22.39,485.89,23.76,0.0
22.4,486.13,23.76,0.0
22.41,486.37,23.76,0.0
22.42,486.61,23.76,0.0
22.43,486.84,23.76,0.0
22.44,487.08,23.76,0.0
22.45,487.32,23.76,0.0
22.46,487.56,23.76,0.0
22.47,487.79,23.76,0.0
22.48,488.03,23.76,0.0
22.49,488.27,23.76,0.0
22.5,488.51,23.76,0.0
22.51,488.74,23.76,0.0
22.52,488.98,23.76,0.0
22.53,489.22,23.76,0.0
22.54,489.46,23.76,0.0
22.55,489.69,23.76,0.0
22.56,489.93,23.76,0.0
22.57,490.17,23.76,0.0
22.58,490.41,23.76,0.0
22.59,490.65,23.76,0.0
22.6,490.88,23.76,0.0
22.61,491.12,23.76,0.0
22.62,491.36,23.76,0.0
22.63,491.6,23.76,0.0
22.64,491.83,23.76,0.0
22.65,492.07,23.76,0.0
22.66,492.31,23.76,0.0
22.67,492.55,23.76,0.0
22.68,492.78,23.76,0.0
22.69,493.02,23.76,0.0
22.7,493.26,23.76,0.0
22.71,493.5,23.76,0.0
22.72,493.73,23.76,0.0
22.73,493.97,23.76,0.0
22.74,494.21,23.76,0.0
22.75,494.45,23.76,0.0
22.76,494.68,23.76,0.0
22.77,494.92,23.76,0.0
22.78,495.16,23.76,0.0
22.79,495.4,23.76,0.0
22.8,495.64,23.76,0.0
22.81,495.87,23.76,0.0
22.82,496.11,23.76,0.0
22.83,496.35,23.76,0.0
22.84,496.59,23.76,0.0
22.85,496.82,23.76,0.0
22.86,497.06,23.76,0.0
22.87,497.3,23.76,0.0
22.88,497.54,23.76,0.0
22.89,497.77,23.76,0.0
22.9,498.01,23.76,0.0
22.91,498.25,23.76,0.0
22.92,498.49,23.76,0.0
22.93,498.72,23.76,0.0
22.94,498.96,23.76,0.0
22.95,499.2,23.76,0.0
22.96,499.44,23.76,0.0
22.97,499.68,23.76,0.0
22.98,499.91,23.76,0.0
22.99,500.15,23.76,0.0
23.0,500.39,23.76,0.0
23.01,500.63,23.76,0.0
23.02,500.86,23.76,0.0
23.03,501.1,23.76,0.0
23.04,501.34,23.76,0.0
23.05,501.58,23.76,0.0
23.06,501.81,23.76,0.0
23.07,502.05,23.76,0.0
23.08,502.29,23.76,0.0
23.09,502.53,23.76,0.0
23.1,502.76,23.76,0.0
23.11,503.0,23.76,0.0
23.12,503.24,23.76,0.0
23.13,503.48,23.76,0.0
23.14,503.71,23.76,0.0
23.15,503.95,23.76,0.0
23.16,504.19,23.76,0.0
23.17,504.43,23.76,0.0
23.18,504.67,23.76,0.0
23.19,504.9,23.76,0.0
23.2,505.14,23.76,0.0
23.21,505.38,23.76,0.0
23.22,505.62,23.76,0.0
23.23,505.85,23.76,0.0
23.24,506.09,23.76,0.0
23.25,506.33,23.76,0.0
23.26,506.57,23.76,0.0
23.27,506.8,23.76,0.0
23.28,507.04,23.76,0.0
23.29,507.28,23.76,0.0
23.3,507.52,23.76,0.0
23.31,507.75,23.76,0.0
23.32,507.99,23.76,0.0
23.33,508.23,23.76,0.0
23.34,508.47,23.76,0.0
23.35,508.7,23.76,0.0
23.36,508.94,23.76,0.0
23.37,509.18,23.76,0.0
23.38,509.42,23.76,0.0
23.39,509.66,23.76,0.0
23.4,509.89,23.76,0.0
23.41,510.13,23.76,0.0
23.42,510.37,23.76,0.0
23.43,510.61,23.76,0.0
23.44,510.84,23.76,0.0
23.45,511.08,23.76,0.0
23.46,511.32,23.76,0.0
23.47,511.56,23.76,0.0
23.48,511.79,23.76,0.0
23.49,512.03,23.76,0.0
23.5,512.27,23.76,0.0
23.51,512.51,23.76,0.0
23.52,512.74,23.76,0.0
23.53,512.98,23.76,0.0
23.54,513.22,23.76,0.0
23.55,513.46,23.76,0.0
23.56,513.7,23.76,0.0
23.57,513.93,23.76,0.0
23.58,514.17,23.76,0.0
23.59,514.41,23.76,0.0
23.6,514.65,23.76,0.0
23.61,514.88,23.76,0.0
23.62,515.12,23.76,0.0
23.63,515.36,23.76,0.0
23.64,515.6,23.76,0.0
23.65,515.83,23.76,0.0
23.66,516.07,23.76,0.0
23.67,516.31,23.76,0.0
23.68,516.55,23.76,0.0
23.69,516.78,23.76,0.0
23.7,517.02,23.76,0.0
23.71,517.26,23.76,0.0
23.72,517.5,23.76,0.0
23.73,517.73,23.76,0.0
23.74,517.97,23.76,0.0
23.75,518.21,23.76,0.0
23.76,518.45,23.76,0.0
23.77,518.69,23.76,0.0
23.78,518.92,23.76,0.0
23.79,519.16,23.76,0.0
23.8,519.4,23.76,0.0
23.81,519.64,23.76,0.0
23.82,519.87,23.76,0.0
23.83,520.11,23.76,0.0
23.84,520.35,23.76,0.0
23.85,520.59,23.76,0.0
23.86,520.82,23.76,0.0
23.87,521.06,23.76,0.0
23.88,521.3,23.76,0.0
23.89,521.54,23.76,0.0
23.9,521.77,23.76,0.0
23.91,522.01,23.76,0.0
23.92,522.25,23.76,0.0
23.93,522.49,23.76,0.0
23.94,522.72,23.76,0.0
23.95,522.96,23.76,0.0
23.96,523.2,23.76,0.0
23.97,523.44,23.76,0.0
23.98,523.68,23.76,0.0
23.99,523.91,23.76,0.0
24.0,524.15,23.76,0.0
24.01,524.39,23.76,0.0
24.02,524.63,23.76,0.0
24.03,524.86,23.76,0.0
24.04,525.1,23.76,0.0
24.05,525.34,23.76,0.0
24.06,525.58,23.76,0.0
24.07,525.81,23.76,0.0
24.08,526.05,23.76,0.0
24.09,526.29,23.76,0.0
24.1,526.53,23.76,0.0
24.11,526.76,23.76,0.0
24.12,527.0,23.76,0.0
24.13,527.24,23.76,0.0
24.14,527.48,23.76,0.0
24.15,527.72,23.76,0.0
24.16,527.95,23.76,0.0
24.17,528.19,23.76,0.0
24.18,528.43,23.76,0.0
24.19,528.67,23.76,0.0
24.2,528.9,23.76,0.0
24.21,529.14,23.76,0.0
24.22,529.38,23.76,0.0
24.23,529.62,23.76,0.0
24.24,529.85,23.76,0.0
24.25,530.09,23.76,0.0
24.26,530.33,23.76,0.0
24.27,530.57,23.76,0.0
24.28,530.8,23.76,0.0
24.29,531.04,23.76,0.0
24.3,531.28,23.76,0.0
24.31,531.52,23.76,0.0
24.32,531.75,23.76,0.0
24.33,531.99,23.76,0.0
24.34,532.23,23.76,0.0
24.35,532.47,23.76,0.0
24.36,532.71,23.76,0.0
24.37,532.94,23.76,0.0
24.38,533.18,23.76,0.0
24.39,533.42,23.76,0.0
24.4,533.66,23.76,0.0
24.41,533.89,23.76,0.0
24.42,534.13,23.76,0.0
24.43,534.37,23.76,0.0
24.44,534.61,23.76,0.0
24.45,534.84,23.76,0.0
24.46,535.08,23.76,0.0
24.47,535.32,23.76,0.0
24.48,535.56,23.76,0.0
24.49,535.79,23.76,0.0
24.5,536.03,23.76,0.0
24.51,536.27,23.76,0.0
24.52,536.51,23.76,0.0
24.53,536.74,23.76,0.0
24.54,536.98,23.76,0.0
24.55,537.22,23.76,0.0
24.56,537.46,23.76,0.0
24.57,537.7,23.76,0.0
24.58,537.93,23.76,0.0
24.59,538.17,23.76,0.0
24.6,538.41,23.76,0.0
24.61,538.65,23.76,0.0
24.62,538.88,23.76,0.0
24.63,539.12,23.76,0.0
24.64,539.36,23.76,0.0
24.65,539.6,23.76,0.0
24.66,539.83,23.76,0.0
24.67,540.07,23.76,0.0
24.68,540.31,23.76,0.0
24.69,540.55,23.76,0.0
24.7,540.78,23.76,0.0
24.71,541.02,23.76,0.0
24.72,541.26,23.76,0.0
24.73,541.5,23.76,0.0
24.74,541.74,23.76,0.0
24.75,541.97,23.76,0.0
24.76,542.21,23.76,0.0
24.77,542.45,23.76,0.0
24.78,542.69,23.76,0.0
24.79,542.92,23.76,0.0
24.8,543.16,23.76,0.0
24.81,543.4,23.76,0.0
24.82,543.64,23.76,0.0
24.83,543.87,23.76,0.0
24.84,544.11,23.76,0.0
24.85,544.35,23.76,0.0
24.86,544.59,23.76,0.0
24.87,544.82,23.76,0.0
24.88,545.06,23.76,0.0
24.89,545.3,23.76,0.0
24.9,545.54,23.76,0.0
24.91,545.77,23.76,0.0
24.92,546.01,23.76,0.0
24.93,546.25,23.76,0.0
24.94,546.49,23.76,0.0
24.95,546.73,23.76,0.0
24.96,546.96,23.76,0.0
24.97,547.2,23.76,0.0
24.98,547.44,23.76,0.0
24.99,547.68,23.76,0.0
25.0,547.91,23.76,0.0
25.01,548.15,23.76,0.0
25.02,548.39,23.76,0.0
25.03,548.63,23.76,0.0
25.04,548.86,23.76,0.0
25.05,549.1,23.76,0.0
25.06,549.34,23.76,0.0
25.07,549.58,23.76,0.0
25.08,549.81,23.76,0.0
25.09,550.05,23.76,0.0
25.1,550.29,23.76,0.0
25.11,550.53,23.76,0.0
25.12,550.77,23.76,0.0
25.13,551.0,23.76,0.0
25.14,551.24,23.76,0.0
25.15,551.48,23.76,0.0
25.16,551.72,23.76,0.0
25.17,551.95,23.76,0.0
25.18,552.19,23.76,0.0
25.19,552.43,23.76,0.0
25.2,552.67,23.76,0.0
25.21,552.9,23.76,0.0
25.22,553.14,23.76,0.0
25.23,553.38,23.76,0.0
25.24,553.62,23.76,0.0
25.25,553.85,23.76,0.0
25.26,554.09,23.76,0.0
25.27,554.33,23.76,0.0
25.28,554.57,23.76,0.0
25.29,554.8,23.76,0.0
25.3,555.04,23.76,0.0
25.31,555.28,23.76,0.0
25.32,555.52,23.76,0.0
25.33,555.76,23.76,0.0
25.34,555.99,23.76,0.0
25.35,556.23,23.76,0.0
25.36,556.47,23.76,0.0
25.37,556.71,23.76,0.0
25.38,556.94,23.76,0.0
25.39,557.18,23.76,0.0
25.4,557.42,23.76,0.0
25.41,557.66,23.76,0.0
25.42,557.89,23.76,0.0
25.43,558.13,23.76,0.0
25.44,558.37,23.76,0.0
25.45,558.61,23.76,0.0
25.46,558.84,23.76,0.0
25.47,559.08,23.76,0.0
25.48,559.32,23.76,0.0
25.49,559.56,23.76,0.0
25.5,559.79,23.76,0.0
25.51,560.03,23.76,0.0
25.52,560.27,23.76,0.0
25.53,560.51,23.76,0.0
25.54,560.75,23.76,0.0
25.55,560.98,23.76,0.0
25.56,561.22,23.76,0.0
25.57,561.46,23.76,0.0
25.58,561.7,23.76,0.0
25.59,561.93,23.76,0.0
25.6,562.17,23.76,0.0
25.61,562.41,23.76,0.0
25.62,562.65,23.76,0.0
25.63,562.88,23.76,0.0
25.64,563.12,23.76,0.0
25.65,563.36,23.76,0.0
25.66,563.6,23.76,0.0
25.67,563.83,23.76,0.0
25.68,564.07,23.76,0.0
25.69,564.31,23.76,0.0
25.7,564.55,23.76,0.0
25.71,564.79,23.76,0.0
25.72,565.02,23.76,0.0
25.73,565.26,23.76,0.0
25.74,565.5,23.76,0.0
25.75,565.74,23.76,0.0
25.76,565.97,23.76,0.0
25.77,566.21,23.76,0.0
25.78,566.45,23.76,0.0
25.79,566.69,23.76,0.0
25.8,566.92,23.76,0.0
25.81,567.16,23.76,0.0
25.82,567.4,23.76,0.0
25.83,567.64,23.76,0.0
25.84,567.87,23.76,0.0
25.85,568.11,23.76,0.0
25.86,568.35,23.76,0.0
25.87,568.59,23.76,0.0
25.88,568.82,23.76,0.0
25.89,569.06,23.76,0.0
25.9,569.3,23.76,0.0
25.91,569.54,23.76,0.0
25.92,569.78,23.76,0.0
25.93,570.01,23.76,0.0
25.94,570.25,23.76,0.0
25.95,570.49,23.76,0.0
25.96,570.73,23.76,0.0
25.97,570.96,23.76,0.0
25.98,571.2,23.76,0.0
25.99,571.44,23.76,0.0
26.0,571.68,23.76,0.0
26.01,571.91,23.76,0.0
26.02,572.15,23.76,0.0
26.03,572.39,23.76,0.0
26.04,572.63,23.76,0.0
26.05,572.86,23.76,0.0
26.06,573.1,23.76,0.0
26.07,573.34,23.76,0.0
26.08,573.58,23.76,0.0
26.09,573.81,23.76,0.0
26.1,574.05,23.76,0.0
26.11,574.29,23.76,0.0
26.12,574.53,23.76,0.0
26.13,574.77,23.76,0.0
26.14,575.0,23.76,0.0
26.15,575.24,23.76,0.0
26.16,575.48,23.76,0.0
26.17,575.72,23.76,0.0
26.18,575.95,23.76,0.0
26.19,576.19,23.76,0.0
26.2,576.43,23.76,0.0
26.21,576.67,23.76,0.0
26.22,576.9,23.76,0.0
26.23,577.14,23.76,0.0
26.24,577.38,23.76,0.0
26.25,577.62,23.76,0.0
26.26,577.85,23.76,0.0
26.27,578.09,23.76,0.0
26.28,578.33,23.76,0.0
26.29,578.57,23.76,0.0
26.3,578.81,23.76,0.0
26.31,579.04,23.76,0.0
26.32,579.28,23.76,0.0
26.33,579.52,23.76,0.0
26.34,579.76,23.76,0.0
26.35,579.99,23.76,0.0
26.36,580.23,23.76,0.0
26.37,580.47,23.76,0.0
26.38,580.71,23.76,0.0
26.39,580.94,23.76,0.0
26.4,581.18,23.76,0.0
26.41,581.42,23.76,0.0
26.42,581.66,23.76,0.0
26.43,581.89,23.76,0.0
26.44,582.13,23.76,0.0
26.45,582.37,23.76,0.0
26.46,582.61,23.76,0.0
26.47,582.84,23.76,0.0
26.48,583.08,23.76,0.0
26.49,583.32,23.76,0.0
26.5,583.56,23.76,0.0
26.51,583.8,23.76,0.0
26.52,584.03,23.76,0.0
26.53,584.27,23.76,0.0
26.54,584.51,23.76,0.0
26.55,584.75,23.76,0.0
26.56,584.98,23.76,0.0
26.57,585.22,23.76,0.0
26.58,585.46,23.76,0.0
26.59,585.7,23.76,0.0
26.6,585.93,23.76,0.0
26.61,586.17,23.76,0.0
26.62,586.41,23.76,0.0
26.63,586.65,23.76,0.0
26.64,586.88,23.76,0.0
26.65,587.12,23.76,0.0
26.66,587.36,23.76,0.0
26.67,587.6,23.76,0.0
26.68,587.83,23.76,0.0
26.69,588.07,23.76,0.0
26.7,588.31,23.76,0.0
26.71,588.55,23.76,0.0
26.72,588.79,23.76,0.0
26.73,589.02,23.76,0.0
26.74,589.26,23.76,0.0
26.75,589.5,23.76,0.0
26.76,589.74,23.76,0.0
26.77,589.97,23.76,0.0
26.78,590.21,23.76,0.0
26.79,590.45,23.76,0.0
26.8,590.69,23.76,0.0
26.81,590.92,23.76,0.0
26.82,591.16,23.76,0.0
26.83,591.4,23.76,0.0
26.84,591.64,23.76,0.0
26.85,591.87,23.76,0.0
26.86,592.11,23.76,0.0
26.87,592.35,23.76,0.0
26.88,592.59,23.76,0.0
26.89,592.83,23.76,0.0
26.9,593.06,23.76,0.0
26.91,593.3,23.76,0.0
26.92,593.54,23.76,0.0
26.93,593.78,23.76,0.0
26.94,594.01,23.76,0.0
26.95,594.25,23.76,0.0
26.96,594.49,23.76,0.0
26.97,594.73,23.76,0.0
26.98,594.96,23.76,0.0
26.99,595.2,23.76,0.0
27.0,595.44,23.76,0.0
27.01,595.68,23.76,0.0
27.02,595.91,23.76,0.0
27.03,596.15,23.76,0.0
27.04,596.39,23.76,0.0
27.05,596.63,23.76,0.0
27.06,596.86,23.76,0.0
27.07,597.1,23.76,0.0
27.08,597.34,23.76,0.0
27.09,597.58,23.76,0.0
27.1,597.82,23.76,0.0
27.11,598.05,23.76,0.0
27.12,598.29,23.76,0.0
27.13,598.53,23.76,0.0
27.14,598.77,23.76,0.0
27.15,599.0,23.76,0.0
27.16,599.24,23.76,0.0
27.17,599.48,23.76,0.0
27.18,599.72,23.76,0.0
27.19,599.95,23.76,0.0
27.2,600.19,23.76,0.0
27.21,600.43,23.76,0.0
27.22,600.67,23.76,0.0
27.23,600.9,23.76,0.0
27.24,601.14,23.76,0.0
27.25,601.38,23.76,0.0
27.26,601.62,23.76,0.0
27.27,601.85,23.76,0.0
27.28,602.09,23.76,0.0
27.29,602.33,23.76,0.0
27.3,602.57,23.76,0.0
27.31,602.81,23.76,0.0
27.32,603.04,23.76,0.0
27.33,603.28,23.76,0.0
27.34,603.52,23.76,0.0
27.35,603.76,23.76,0.0
27.36,603.99,23.76,0.0
27.37,604.23,23.76,0.0
27.38,604.47,23.76,0.0
27.39,604.71,23.76,0.0
27.4,604.94,23.76,0.0
27.41,605.18,23.76,0.0
27.42,605.42,23.76,0.0
27.43,605.66,23.76,0.0
27.44,605.89,23.76,0.0
27.45,606.13,23.76,0.0
27.46,606.37,23.76,0.0
27.47,606.61,23.76,0.0
27.48,606.85,23.76,0.0
27.49,607.08,23.76,0.0
27.5,607.32,23.76,0.0
27.51,607.56,23.76,0.0
27.52,607.8,23.76,0.0
27.53,608.03,23.76,0.0
27.54,608.27,23.76,0.0
27.55,608.51,23.76,0.0
27.56,608.75,23.76,0.0
27.57,608.98,23.76,0.0
27.58,609.22,23.76,0.0
27.59,609.46,23.76,0.0
27.6,609.7,23.76,0.0
27.61,609.93,23.76,0.0
27.62,610.17,23.76,0.0
27.63,610.41,23.76,0.0
27.64,610.65,23.76,0.0
27.65,610.88,23.76,0.0
27.66,611.12,23.76,0.0
27.67,611.36,23.76,0.0
27.68,611.6,23.76,0.0
27.69,611.84,23.76,0.0
27.7,612.07,23.76,0.0
27.71,612.31,23.76,0.0
27.72,612.55,23.76,0.0
27.73,612.79,23.76,0.0
27.74,613.02,23.76,0.0
27.75,613.26,23.76,0.0
27.76,613.5,23.76,0.0
27.77,613.74,23.76,0.0
27.78,613.97,23.76,0.0
27.79,614.21,23.76,0.0
27.8,614.45,23.76,0.0
27.81,614.69,23.76,0.0
27.82,614.92,23.76,0.0
27.83,615.16,23.76,0.0
27.84,615.4,23.76,0.0
27.85,615.64,23.76,0.0
27.86,615.88,23.76,0.0
27.87,616.11,23.76,0.0
27.88,616.35,23.76,0.0
27.89,616.59,23.76,0.0
27.9,616.83,23.76,0.0
27.91,617.06,23.76,0.0
27.92,617.3,23.76,0.0
27.93,617.54,23.76,0.0
27.94,617.78,23.76,0.0
27.95,618.01,23.76,0.0
27.96,618.25,23.76,0.0
27.97,618.49,23.76,0.0
27.98,618.73,23.76,0.0
27.99,618.96,23.76,0.0
28.0,619.2,23.76,0.0
28.01,619.44,23.76,0.0
28.02,619.68,23.76,0.0
28.03,619.91,23.76,0.0
28.04,620.15,23.76,0.0
28.05,620.39,23.76,0.0
28.06,620.63,23.76,0.0
28.07,620.87,23.76,0.0
28.08,621.1,23.76,0.0
28.09,621.34,23.76,0.0
28.1,621.58,23.76,0.0
28.11,621.82,23.76,0.0
28.12,622.05,23.76,0.0
28.13,622.29,23.76,0.0
28.14,622.53,23.76,0.0
28.15,622.77,23.76,0.0
28.16,623.0,23.76,0.0
28.17,623.24,23.76,0.0
28.18,623.48,23.76,0.0
28.19,623.72,23.76,0.0
28.2,623.95,23.76,0.0
28.21,624.19,23.76,0.0
28.22,624.43,23.76,0.0
28.23,624.67,23.76,0.0
28.24,624.9,23.76,0.0
28.25,625.14,23.76,0.0
28.26,625.38,23.76,0.0
28.27,625.62,23.76,0.0
28.28,625.86,23.76,0.0
28.29,626.09,23.76,0.0
28.3,626.33,23.76,0.0
28.31,626.57,23.76,0.0
28.32,626.81,23.76,0.0
28.33,627.04,23.76,0.0
28.34,627.28,23.76,0.0
28.35,627.52,23.76,0.0
28.36,627.76,23.76,0.0
28.37,627.99,23.76,0.0
28.38,628.23,23.76,0.0
28.39,628.47,23.76,0.0
28.4,628.71,23.76,0.0
28.41,628.94,23.76,0.0
28.42,629.18,23.76,0.0
28.43,629.42,23.76,0.0
28.44,629.66,23.76,0.0
28.45,629.9,23.76,0.0
28.46,630.13,23.76,0.0
28.47,630.37,23.76,0.0
28.48,630.61,23.76,0.0
28.49,630.85,23.76,0.0
28.5,631.08,23.76,0.0
28.51,631.32,23.76,0.0
28.52,631.56,23.76,0.0
28.53,631.8,23.76,0.0
28.54,632.03,23.76,0.0
28.55,632.27,23.76,0.0
28.56,632.51,23.76,0.0
28.57,632.75,23.76,0.0
28.58,632.98,23.76,0.0
28.59,633.22,23.76,0.0
28.6,633.46,23.76,0.0
28.61,633.7,23.76,0.0
28.62,633.93,23.76,0.0
28.63,634.17,23.76,0.0
28.64,634.41,23.76,0.0
28.65,634.65,23.76,0.0
28.66,634.89,23.76,0.0
28.67,635.12,23.76,0.0
28.68,635.36,23.76,0.0
28.69,635.6,23.76,0.0
28.7,635.84,23.76,0.0
28.71,636.07,23.76,0.0
28.72,636.31,23.76,0.0
28.73,636.55,23.76,0.0
28.74,636.79,23.76,0.0
28.75,637.02,23.76,0.0
28.76,637.26,23.76,0.0
28.77,637.5,23.76,0.0
28.78,637.74,23.76,0.0
28.79,637.97,23.76,0.0
28.8,638.21,23.76,0.0
28.81,638.45,23.76,0.0
28.82,638.69,23.76,0.0
28.83,638.92,23.76,0.0
28.84,639.16,23.76,0.0
28.85,639.4,23.76,0.0
28.86,639.64,23.76,0.0
28.87,639.88,23.76,0.0
28.88,640.11,23.76,0.0
28.89,640.35,23.76,0.0
28.9,640.59,23.76,0.0
28.91,640.83,23.76,0.0
28.92,641.06,23.76,0.0
28.93,641.3,23.76,0.0
28.94,641.54,23.76,0.0
28.95,641.78,23.76,0.0
28.96,642.01,23.76,0.0
28.97,642.25,23.76,0.0
28.98,642.49,23.76,0.0
28.99,642.73,23.76,0.0
29.0,642.96,23.76,0.0
29.01,643.2,23.76,0.0
29.02,643.44,23.76,0.0
29.03,643.68,23.76,0.0
29.04,643.92,23.76,0.0
29.05,644.15,23.76,0.0
29.06,644.39,23.76,0.0
29.07,644.63,23.76,0.0
29.08,644.87,23.76,0.0
29.09,645.1,23.76,0.0
29.1,645.34,23.76,0.0
29.11,645.58,23.76,0.0
29.12,645.82,23.76,0.0
29.13,646.05,23.76,0.0
29.14,646.29,23.76,0.0
29.15,646.53,23.76,0.0
29.16,646.77,23.76,0.0
29.17,647.0,23.76,0.0
29.18,647.24,23.76,0.0
29.19,647.48,23.76,0.0
29.2,647.72,23.76,0.0
29.21,647.95,23.76,0.0
29.22,648.19,23.76,0.0
29.23,648.43,23.76,0.0
29.24,648.67,23.76,0.0
29.25,648.91,23.76,0.0
29.26,649.14,23.76,0.0
29.27,649.38,23.76,0.0
29.28,649.62,23.76,0.0
29.29,649.86,23.76,0.0
29.3,650.09,23.76,0.0
29.31,650.33,23.76,0.0
29.32,650.57,23.76,0.0
29.33,650.81,23.76,0.0
29.34,651.04,23.76,0.0
29.35,651.28,23.76,0.0
29.36,651.52,23.76,0.0
29.37,651.76,23.76,0.0
29.38,651.99,23.76,0.0
29.39,652.23,23.76,0.0
29.4,652.47,23.76,0.0
29.41,652.71,23.76,0.0
29.42,652.94,23.76,0.0
29.43,653.18,23.76,0.0
29.44,653.42,23.76,0.0
29.45,653.66,23.76,0.0
29.46,653.9,23.76,0.0
29.47,654.13,23.76,0.0
29.48,654.37,23.76,0.0
29.49,654.61,23.76,0.0
29.5,654.85,23.76,0.0
29.51,655.08,23.76,0.0
29.52,655.32,23.76,0.0
29.53,655.56,23.76,0.0
29.54,655.8,23.76,0.0
29.55,656.03,23.76,0.0
29.56,656.27,23.76,0.0
29.57,656.51,23.76,0.0
29.58,656.75,23.76,0.0
29.59,656.98,23.76,0.0
29.6,657.22,23.76,0.0
29.61,657.46,23.76,0.0
29.62,657.7,23.76,0.0
29.63,657.94,23.76,0.0
29.64,658.17,23.76,0.0
29.65,658.41,23.76,0.0
29.66,658.65,23.76,0.0
29.67,658.89,23.76,0.0
29.68,659.12,23.76,0.0
29.69,659.36,23.76,0.0
29.7,659.6,23.76,0.0
29.71,659.84,23.76,0.0
29.72,660.07,23.76,0.0
29.73,660.31,23.76,0.0
29.74,660.55,23.76,0.0
29.75,660.79,23.76,0.0
29.76,661.02,23.76,0.0
29.77,661.26,23.76,0.0
29.78,661.5,23.76,0.0
29.79,661.74,23.76,0.0
29.8,661.97,23.76,0.0
29.81,662.21,23.76,0.0
29.82,662.45,23.76,0.0
29.83,662.69,23.76,0.0
29.84,662.93,23.76,0.0
29.85,663.16,23.76,0.0
29.86,663.4,23.76,0.0
29.87,663.64,23.76,0.0
29.88,663.88,23.76,0.0
29.89,664.11,23.76,0.0
29.9,664.35,23.76,0.0
29.91,664.59,23.76,0.0
29.92,664.83,23.76,0.0
29.93,665.06,23.76,0.0
29.94,665.3,23.76,0.0
29.95,665.54,23.76,0.0
29.96,665.78,23.76,0.0
29.97,666.01,23.76,0.0
29.98,666.25,23.76,0.0
29.99,666.49,23.76,0.0
30.0,666.73,23.76,0.0
30.01,666.96,23.76,0.0
30.02,667.2,23.76,0.0
30.03,667.44,23.76,0.0
30.04,667.68,23.76,0.0
30.05,667.92,23.76,0.0
30.06,668.15,23.76,0.0
30.07,668.39,23.76,0.0
30.08,668.63,23.76,0.0
30.09,668.87,23.76,0.0
30.1,669.1,23.76,0.0
30.11,669.34,23.76,0.0
30.12,669.58,23.76,0.0
30.13,669.82,23.76,0.0
30.14,670.05,23.76,0.0
30.15,670.29,23.76,0.0
30.16,670.53,23.76,0.0
30.17,670.77,23.76,0.0
30.18,671.0,23.76,0.0
30.19,671.24,23.76,0.0
30.2,671.48,23.76,0.0
30.21,671.72,23.76,0.0
30.22,671.96,23.76,0.0
30.23,672.19,23.76,0.0
30.24,672.43,23.76,0.0
30.25,672.67,23.76,0.0
30.26,672.91,23.76,0.0
30.27,673.14,23.76,0.0
30.28,673.38,23.76,0.0
30.29,673.62,23.76,0.0
30.3,673.86,23.76,0.0
30.31,674.09,23.76,0.0
30.32,674.33,23.76,0.0
30.33,674.57,23.76,0.0
30.34,674.81,23.76,0.0
30.35,675.04,23.76,0.0
30.36,675.28,23.76,0.0
30.37,675.52,23.76,0.0
30.38,675.76,23.76,0.0
30.39,675.99,23.76,0.0
30.4,676.23,23.76,0.0
30.41,676.47,23.76,0.0
30.42,676.71,23.76,0.0
30.43,676.95,23.76,0.0
30.44,677.18,23.76,0.0
30.45,677.42,23.76,0.0
30.46,677.66,23.76,0.0
30.47,677.9,23.76,0.0
30.48,678.13,23.76,0.0
30.49,678.37,23.76,0.0
30.5,678.61,23.76,0.0
30.51,678.85,23.76,0.0
30.52,679.08,23.76,0.0
30.53,679.32,23.76,0.0
30.54,679.56,23.76,0.0
30.55,679.8,23.76,0.0
30.56,680.03,23.76,0.0
30.57,680.27,23.76,0.0
30.58,680.51,23.76,0.0
30.59,680.75,23.76,0.0
30.6,680.99,23.76,0.0
30.61,681.22,23.76,0.0
30.62,681.46,23.76,0.0
30.63,681.7,23.76,0.0
30.64,681.94,23.76,0.0
30.65,682.17,23.76,0.0
30.66,682.41,23.76,0.0
30.67,682.65,23.76,0.0
30.68,682.89,23.76,0.0
30.69,683.12,23.76,0.0
30.7,683.36,23.76,0.0
30.71,683.6,23.76,0.0
30.72,683.84,23.76,0.0
30.73,684.07,23.76,0.0
30.74,684.31,23.76,0.0
30.75,684.55,23.76,0.0
30.76,684.79,23.76,0.0
30.77,685.02,23.76,0.0
30.78,685.26,23.76,0.0
30.79,685.5,23.76,0.0
30.8,685.74,23.76,0.0
30.81,685.98,23.76,0.0
30.82,686.21,23.76,0.0
30.83,686.45,23.76,0.0
30.84,686.69,23.76,0.0
30.85,686.93,23.76,0.0
30.86,687.16,23.76,0.0
30.87,687.4,23.76,0.0
30.88,687.64,23.76,0.0
30.89,687.88,23.76,0.0
30.9,688.11,23.76,0.0
30.91,688.35,23.76,0.0
30.92,688.59,23.76,0.0
30.93,688.83,23.76,0.0
30.94,689.06,23.76,0.0
30.95,689.3,23.76,0.0
30.96,689.54,23.76,0.0
30.97,689.78,23.76,0.0
30.98,690.01,23.76,0.0
30.99,690.25,23.76,0.0
31.0,690.49,23.76,0.0
31.01,690.73,23.76,0.0
31.02,690.97,23.76,0.0
31.03,691.2,23.76,0.0
31.04,691.44,23.76,0.0
31.05,691.68,23.76,0.0
31.06,691.92,23.76,0.0
31.07,692.15,23.76,0.0
31.08,692.39,23.76,0.0
31.09,692.63,23.76,0.0
31.1,692.87,23.76,0.0
31.11,693.1,23.76,0.0
31.12,693.34,23.76,0.0
31.13,693.58,23.76,0.0
31.14,693.82,23.76,0.0
31.15,694.05,23.76,0.0
31.16,694.29,23.76,0.0
31.17,694.53,23.76,0.0
31.18,694.77,23.76,0.0
31.19,695.01,23.76,0.0
31.2,695.24,23.76,0.0
31.21,695.48,23.76,0.0
31.22,695.72,23.76,0.0
31.23,695.96,23.76,0.0
31.24,696.19,23.76,0.0
31.25,696.43,23.76,0.0
31.26,696.67,23.76,0.0
31.27,696.91,23.76,0.0
31.28,697.14,23.76,0.0
31.29,697.38,23.76,0.0
31.3,697.62,23.76,0.0
31.31,697.86,23.76,0.0
31.32,698.09,23.76,0.0
31.33,698.33,23.76,0.0
31.34,698.57,23.76,0.0
31.35,698.81,23.76,0.0
31.36,699.04,23.76,0.0
31.37,699.28,23.76,0.0
31.38,699.52,23.76,0.0
31.39,699.76,23.76,0.0
31.4,700.0,23.76,0.0
31.41,700.23,23.76,0.0
31.42,700.47,23.76,0.0
31.43,700.71,23.76,0.0
31.44,700.95,23.76,0.0
31.45,701.18,23.76,0.0
31.46,701.42,23.76,0.0
31.47,701.66,23.76,0.0
31.48,701.9,23.76,0.0
31.49,702.13,23.76,0.0
31.5,702.37,23.76,0.0
31.51,702.61,23.76,0.0
31.52,702.85,23.76,0.0
31.53,703.08,23.76,0.0
31.54,703.32,23.76,0.0
31.55,703.56,23.76,0.0
31.56,703.8,23.76,0.0
31.57,704.03,23.76,0.0
31.58,704.27,23.76,0.0
31.59,704.51,23.76,0.0
31.6,704.75,23.76,0.0
31.61,704.99,23.76,0.0
31.62,705.22,23.76,0.0
31.63,705.46,23.76,0.0
31.64,705.7,23.76,0.0
31.65,705.94,23.76,0.0
31.66,706.17,23.76,0.0
31.67,706.41,23.76,0.0
31.68,706.65,23.76,0.0
31.69,706.89,23.76,0.0
31.7,707.12,23.76,0.0
31.71,707.36,23.76,0.0
31.72,707.6,23.76,0.0
31.73,707.84,23.76,0.0
31.74,708.07,23.76,0.0
31.75,708.31,23.76,0.0
31.76,708.55,23.76,0.0
31.77,708.79,23.76,0.0
31.78,709.03,23.76,0.0
31.79,709.26,23.76,0.0
31.8,709.5,23.76,0.0
31.81,709.74,23.76,0.0
31.82,709.98,23.76,0.0
31.83,710.21,23.76,0.0
31.84,710.45,23.76,0.0
31.85,710.69,23.76,0.0
31.86,710.93,23.76,0.0
31.87,711.16,23.76,0.0
31.88,711.4,23.76,0.0
31.89,711.64,23.76,0.0
31.9,711.88,23.76,0.0
31.91,712.11,23.76,0.0
31.92,712.35,23.76,0.0
31.93,712.59,23.76,0.0
31.94,712.83,23.76,0.0
31.95,713.06,23.76,0.0
31.96,713.3,23.76,0.0
31.97,713.54,23.76,0.0
31.98,713.78,23.76,0.0
31.99,714.02,23.76,0.0
32.0,714.25,23.76,0.0
32.01,714.49,23.76,0.0
32.02,714.73,23.76,0.0
32.03,714.97,23.76,0.0
32.04,715.2,23.76,0.0
32.05,715.44,23.76,0.0
32.06,715.68,23.76,0.0
32.07,715.92,23.76,0.0
32.08,716.15,23.76,0.0
32.09,716.39,23.76,0.0
32.1,716.63,23.76,0.0
32.11,716.87,23.76,0.0
32.12,717.1,23.76,0.0
32.13,717.34,23.76,0.0
32.14,717.58,23.76,0.0
32.15,717.82,23.76,0.0
32.16,718.05,23.76,0.0
32.17,718.29,23.76,0.0
32.18,718.53,23.76,0.0
32.19,718.77,23.76,0.0
32.2,719.01,23.76,0.0
32.21,719.24,23.76,0.0
32.22,719.48,23.76,0.0
32.23,719.72,23.76,0.0
32.24,719.96,23.76,0.0
32.25,720.19,23.76,0.0
32.26,720.43,23.76,0.0
32.27,720.67,23.76,0.0
32.28,720.91,23.76,0.0
32.29,721.14,23.76,0.0
32.3,721.38,23.76,0.0
32.31,721.62,23.76,0.0
32.32,721.86,23.76,0.0
32.33,722.09,23.76,0.0
32.34,722.33,23.76,0.0
32.35,722.57,23.76,0.0
32.36,722.81,23.76,0.0
32.37,723.05,23.76,0.0
32.38,723.28,23.76,0.0
32.39,723.52,23.76,0.0
32.4,723.76,23.76,0.0
32.41,724.0,23.76,0.0
32.42,724.23,23.76,0.0
32.43,724.47,23.76,0.0
32.44,724.71,23.76,0.0
32.45,724.95,23.76,0.0
32.46,725.18,23.76,0.0
32.47,725.42,23.76,0.0
32.48,725.66,23.76,0.0
32.49,725.9,23.76,0.0
32.5,726.13,23.76,0.0
32.51,726.37,23.76,0.0
32.52,726.61,23.76,0.0
32.53,726.85,23.76,0.0
32.54,727.08,23.76,0.0
32.55,727.32,23.76,0.0
32.56,727.56,23.76,0.0
32.57,727.8,23.76,0.0
32.58,728.04,23.76,0.0
32.59,728.27,23.76,0.0
32.6,728.51,23.76,0.0
32.61,728.75,23.76,0.0
32.62,728.99,23.76,0.0
32.63,729.22,23.76,0.0
32.64,729.46,23.76,0.0
32.65,729.7,23.76,0.0
32.66,729.94,23.76,0.0
32.67,730.17,23.76,0.0
32.68,730.41,23.76,0.0
32.69,730.65,23.76,0.0
32.7,730.89,23.76,0.0
32.71,731.12,23.76,0.0
32.72,731.36,23.76,0.0
32.73,731.6,23.76,0.0
32.74,731.84,23.76,0.0
32.75,732.07,23.76,0.0
32.76,732.31,23.76,0.0
32.77,732.55,23.76,0.0
32.78,732.79,23.76,0.0
32.79,733.03,23.76,0.0
32.8,733.26,23.76,0.0
32.81,733.5,23.76,0.0
32.82,733.74,23.76,0.0
32.83,733.98,23.76,0.0
32.84,734.21,23.76,0.0
32.85,734.45,23.76,0.0
32.86,734.69,23.76,0.0
32.87,734.93,23.76,0.0
32.88,735.16,23.76,0.0
32.89,735.4,23.76,0.0
32.9,735.64,23.76,0.0
32.91,735.88,23.76,0.0
32.92,736.11,23.76,0.0
32.93,736.35,23.76,0.0
32.94,736.59,23.76,0.0
32.95,736.83,23.76,0.0
32.96,737.07,23.76,0.0
32.97,737.3,23.76,0.0
32.98,737.54,23.76,0.0
32.99,737.78,23.76,0.0
33.0,738.02,23.76,0.0
33.01,738.25,23.76,0.0
33.02,738.49,23.76,0.0
33.03,738.73,23.76,0.0
33.04,738.97,23.76,0.0
33.05,739.2,23.76,0.0
33.06,739.44,23.76,0.0
33.07,739.68,23.76,0.0
33.08,739.92,23.76,0.0
33.09,740.15,23.76,0.0
33.1,740.39,23.76,0.0
33.11,740.63,23.76,0.0
33.12,740.87,23.76,0.0
33.13,741.1,23.76,0.0
33.14,741.34,23.76,0.0
33.15,741.58,23.76,0.0
33.16,741.82,23.76,0.0
33.17,742.06,23.76,0.0
33.18,742.29,23.76,0.0
33.19,742.53,23.76,0.0
33.2,742.77,23.76,0.0
33.21,743.01,23.76,0.0
33.22,743.24,23.76,0.0
33.23,743.48,23.76,0.0
33.24,743.72,23.76,0.0
33.25,743.96,23.76,0.0
33.26,744.19,23.76,0.0
33.27,744.43,23.76,0.0
33.28,744.67,23.76,0.0
33.29,744.91,23.76,0.0
33.3,745.14,23.76,0.0
33.31,745.38,23.76,0.0
33.32,745.62,23.76,0.0
33.33,745.86,23.76,0.0
33.34,746.1,23.76,0.0
33.35,746.33,23.76,0.0
33.36,746.57,23.76,0.0
33.37,746.81,23.76,0.0
33.38,747.05,23.76,0.0
33.39,747.28,23.76,0.0
33.4,747.52,23.76,0.0
33.41,747.76,23.76,0.0
33.42,748.0,23.76,0.0
33.43,748.23,23.76,0.0
33.44,748.47,23.76,0.0
33.45,748.71,23.76,0.0
33.46,748.95,23.76,0.0
33.47,749.18,23.76,0.0
33.48,749.42,23.76,0.0
33.49,749.66,23.76,0.0
33.5,749.9,23.76,0.0
33.51,750.13,23.76,0.0
33.52,750.37,23.76,0.0
33.53,750.61,23.76,0.0
33.54,750.85,23.76,0.0
33.55,751.09,23.76,0.0
33.56,751.32,23.76,0.0
33.57,751.56,23.76,0.0
33.58,751.8,23.76,0.0
33.59,752.04,23.76,0.0
33.6,752.27,23.76,0.0
33.61,752.51,23.76,0.0
33.62,752.75,23.76,0.0
33.63,752.99,23.76,0.0
33.64,753.22,23.76,0.0
33.65,753.46,23.76,0.0
33.66,753.7,23.76,0.0
33.67,753.94,23.76,0.0
33.68,754.17,23.76,0.0
33.69,754.41,23.76,0.0
33.7,754.65,23.76,0.0
33.71,754.89,23.76,0.0
33.72,755.12,23.76,0.0
33.73,755.36,23.76,0.0
33.74,755.6,23.76,0.0
33.75,755.84,23.76,0.0
33.76,756.08,23.76,0.0
33.77,756.31,23.76,0.0
33.78,756.55,23.76,0.0
33.79,756.79,23.76,0.0
33.8,757.03,23.76,0.0
33.81,757.26,23.76,0.0
33.82,757.5,23.76,0.0
33.83,757.74,23.76,0.0
33.84,757.98,23.76,0.0
33.85,758.21,23.76,0.0
33.86,758.45,23.76,0.0
33.87,758.69,23.76,0.0
33.88,758.93,23.76,0.0
33.89,759.16,23.76,0.0
33.9,759.4,23.76,0.0
33.91,759.64,23.76,0.0
33.92,759.88,23.76,0.0
33.93,760.12,23.76,0.0
33.94,760.35,23.76,0.0
33.95,760.59,23.76,0.0
33.96,760.83,23.76,0.0
33.97,761.07,23.76,0.0
33.98,761.3,23.76,0.0
33.99,761.54,23.76,0.0
34.0,761.78,23.76,0.0
34.01,762.02,23.76,0.0
34.02,762.25,23.76,0.0
34.03,762.49,23.76,0.0
34.04,762.73,23.76,0.0
34.05,762.97,23.76,0.0
34.06,763.2,23.76,0.0
34.07,763.44,23.76,0.0
34.08,763.68,23.76,0.0
34.09,763.92,23.76,0.0
34.1,764.15,23.76,0.0
34.11,764.39,23.76,0.0
34.12,764.63,23.76,0.0
34.13,764.87,23.76,0.0
34.14,765.11,23.76,0.0
34.15,765.34,23.76,0.0
34.16,765.58,23.76,0.0
34.17,765.82,23.76,0.0
34.18,766.06,23.76,0.0
34.19,766.29,23.76,0.0
34.2,766.53,23.76,0.0
34.21,766.77,23.76,0.0
34.22,767.01,23.76,0.0
34.23,767.24,23.76,0.0
34.24,767.48,23.76,0.0
34.25,767.72,23.76,0.0
34.26,767.96,23.76,0.0
34.27,768.19,23.76,0.0
34.28,768.43,23.76,0.0
34.29,768.67,23.76,0.0
34.3,768.91,23.76,0.0
34.31,769.14,23.76,0.0
34.32,769.38,23.76,0.0
34.33,769.62,23.76,0.0
34.34,769.86,23.76,0.0
34.35,770.1,23.76,0.0
34.36,770.33,23.76,0.0
34.37,770.57,23.76,0.0
34.38,770.81,23.76,0.0
34.39,771.05,23.76,0.0
34.4,771.28,23.76,0.0
34.41,771.52,23.76,0.0
34.42,771.76,23.76,0.0
34.43,772.0,23.76,0.0
34.44,772.23,23.76,0.0
34.45,772.47,23.76,0.0
34.46,772.71,23.76,0.0
34.47,772.95,23.76,0.0
34.48,773.18,23.76,0.0
34.49,773.42,23.76,0.0
34.5,773.66,23.76,0.0
34.51,773.9,23.76,0.0
34.52,774.14,23.76,0.0
34.53,774.37,23.76,0.0
34.54,774.61,23.76,0.0
34.55,774.85,23.76,0.0
34.56,775.09,23.76,0.0
34.57,775.32,23.76,0.0
34.58,775.56,23.76,0.0
34.59,775.8,23.76,0.0
34.6,776.04,23.76,0.0
34.61,776.27,23.76,0.0
34.62,776.51,23.76,0.0
34.63,776.75,23.76,0.0
34.64,776.99,23.76,0.0
34.65,777.22,23.76,0.0
34.66,777.46,23.76,0.0
34.67,777.7,23.76,0.0
34.68,777.94,23.76,0.0
34.69,778.17,23.76,0.0
34.7,778.41,23.76,0.0
34.71,778.65,23.76,0.0
34.72,778.89,23.76,0.0
34.73,779.13,23.76,0.0
34.74,779.36,23.76,0.0
34.75,779.6,23.76,0.0
34.76,779.84,23.76,0.0
34.77,780.08,23.76,0.0
34.78,780.31,23.76,0.0
34.79,780.55,23.76,0.0
34.8,780.79,23.76,0.0
34.81,781.03,23.76,0.0
34.82,781.26,23.76,0.0
34.83,781.5,23.76,0.0
34.84,781.74,23.76,0.0
34.85,781.98,23.76,0.0
34.86,782.21,23.76,0.0
34.87,782.45,23.76,0.0
34.88,782.69,23.76,0.0
34.89,782.93,23.76,0.0
34.9,783.16,23.76,0.0
34.91,783.4,23.76,0.0
34.92,783.64,23.76,0.0
34.93,783.88,23.76,0.0
34.94,784.12,23.76,0.0
34.95,784.35,23.76,0.0
34.96,784.59,23.76,0.0
34.97,784.83,23.76,0.0
34.98,785.07,23.76,0.0
34.99,785.3,23.76,0.0
35.0,785.54,23.76,0.0
35.01,785.78,23.76,0.0
35.02,786.02,23.76,0.0
35.03,786.25,23.76,0.0
35.04,786.49,23.76,0.0
35.05,786.73,23.76,0.0
35.06,786.97,23.76,0.0
35.07,787.2,23.76,0.0
35.08,787.44,23.76,0.0
35.09,787.68,23.76,0.0
35.1,787.92,23.76,0.0
35.11,788.16,23.76,0.0
35.12,788.39,23.76,0.0
35.13,788.63,23.76,0.0
35.14,788.87,23.76,0.0
35.15,789.11,23.76,0.0
35.16,789.34,23.76,0.0
35.17,789.58,23.76,0.0
35.18,789.82,23.76,0.0
35.19,790.06,23.76,0.0
35.2,790.29,23.76,0.0
35.21,790.53,23.76,0.0
35.22,790.77,23.76,0.0
35.23,791.01,23.76,0.0
35.24,791.24,23.76,0.0
35.25,791.48,23.76,0.0
35.26,791.72,23.76,0.0
35.27,791.96,23.76,0.0
35.28,792.19,23.76,0.0
35.29,792.43,23.76,0.0
35.3,792.67,23.76,0.0
35.31,792.91,23.76,0.0
35.32,793.15,23.76,0.0
35.33,793.38,23.76,0.0
35.34,793.62,23.76,0.0
35.35,793.86,23.76,0.0
35.36,794.1,23.76,0.0
35.37,794.33,23.76,0.0
35.38,794.57,23.76,0.0
35.39,794.81,23.76,0.0
35.4,795.05,23.76,0.0
35.41,795.28,23.76,0.0
35.42,795.52,23.76,0.0
35.43,795.76,23.76,0.0
35.44,796.0,23.76,0.0
35.45,796.23,23.76,0.0
35.46,796.47,23.76,0.0
35.47,796.71,23.76,0.0
35.48,796.95,23.76,0.0
35.49,797.18,23.76,0.0
35.5,797.42,23.76,0.0
35.51,797.66,23.76,0.0
35.52,797.9,23.76,0.0
35.53,798.14,23.76,0.0
35.54,798.37,23.76,0.0
35.55,798.61,23.76,0.0
35.56,798.85,23.76,0.0
35.57,799.09,23.76,0.0
35.58,799.32,23.76,0.0
35.59,799.56,23.76,0.0
35.6,799.8,23.76,0.0
35.61,800.04,23.76,0.0
35.62,800.27,23.76,0.0
35.63,800.51,23.76,0.0
35.64,800.75,23.76,0.0
35.65,800.99,23.76,0.0
35.66,801.22,23.76,0.0
35.67,801.46,23.76,0.0
35.68,801.7,23.76,0.0
35.69,801.94,23.76,0.0
35.7,802.18,23.76,0.0
35.71,802.41,23.76,0.0
35.72,802.65,23.76,0.0
35.73,802.89,23.76,0.0
35.74,803.13,23.76,0.0
35.75,803.36,23.76,0.0
35.76,803.6,23.76,0.0
35.77,803.84,23.76,0.0
35.78,804.08,23.76,0.0
35.79,804.31,23.76,0.0
35.8,804.55,23.76,0.0
35.81,804.79,23.76,0.0
35.82,805.03,23.76,0.0
35.83,805.26,23.76,0.0
35.84,805.5,23.76,0.0
35.85,805.74,23.76,0.0
35.86,805.98,23.76,0.0
35.87,806.21,23.76,0.0
35.88,806.45,23.76,0.0
35.89,806.69,23.76,0.0
35.9,806.93,23.76,0.0
35.91,807.17,23.76,0.0
35.92,807.4,23.76,0.0
35.93,807.64,23.76,0.0
35.94,807.88,23.76,0.0
35.95,808.12,23.76,0.0
35.96,808.35,23.76,0.0
35.97,808.59,23.76,0.0
35.98,808.83,23.76,0.0
35.99,809.07,23.76,0.0
36.0,809.3,23.76,0.0
36.01,809.54,23.76,0.0
36.02,809.78,23.76,0.0
36.03,810.02,23.76,0.0
36.04,810.25,23.76,0.0
36.05,810.49,23.76,0.0
36.06,810.73,23.76,0.0
36.07,810.97,23.76,0.0
36.08,811.2,23.76,0.0
36.09,811.44,23.76,0.0
36.1,811.68,23.76,0.0
36.11,811.92,23.76,0.0
36.12,812.16,23.76,0.0
36.13,812.39,23.76,0.0
36.14,812.63,23.76,0.0
36.15,812.87,23.76,0.0
36.16,813.11,23.76,0.0
36.17,813.34,23.76,0.0
36.18,813.58,23.76,0.0
36.19,813.82,23.76,0.0
36.2,814.06,23.76,0.0
36.21,814.29,23.76,0.0
36.22,814.53,23.76,0.0
36.23,814.77,23.76,0.0
36.24,815.01,23.76,0.0
36.25,815.24,23.76,0.0
36.26,815.48,23.76,0.0
36.27,815.72,23.76,0.0
36.28,815.96,23.76,0.0
36.29,816.2,23.76,0.0
36.3,816.43,23.76,0.0
36.31,816.67,23.76,0.0
36.32,816.91,23.76,0.0
36.33,817.15,23.76,0.0
36.34,817.38,23.76,0.0
36.35,817.62,23.76,0.0
36.36,817.86,23.76,0.0
36.37,818.1,23.76,0.0
36.38,818.33,23.76,0.0
36.39,818.57,23.76,0.0
36.4,818.81,23.76,0.0
36.41,819.05,23.76,0.0
36.42,819.28,23.76,0.0
36.43,819.52,23.76,0.0
36.44,819.76,23.76,0.0
36.45,820.0,23.76,0.0
36.46,820.23,23.76,0.0
36.47,820.47,23.76,0.0
36.48,820.71,23.76,0.0
36.49,820.95,23.76,0.0
36.5,821.19,23.76,0.0
36.51,821.42,23.76,0.0
36.52,821.66,23.76,0.0
36.53,821.9,23.76,0.0
36.54,822.14,23.76,0.0
36.55,822.37,23.76,0.0
36.56,822.61,23.76,0.0
36.57,822.85,23.76,0.0
36.58,823.09,23.76,0.0
36.59,823.32,23.76,0.0
36.6,823.56,23.76,0.0
36.61,823.8,23.76,0.0
36.62,824.04,23.76,0.0
36.63,824.27,23.76,0.0
36.64,824.51,23.76,0.0
36.65,824.75,23.76,0.0
36.66,824.99,23.76,0.0
36.67,825.23,23.76,0.0
36.68,825.46,23.76,0.0
36.69,825.7,23.76,0.0
36.7,825.94,23.76,0.0
36.71,826.18,23.76,0.0
36.72,826.41,23.76,0.0
36.73,826.65,23.76,0.0
36.74,826.89,23.76,0.0
36.75,827.13,23.76,0.0
36.76,827.36,23.76,0.0
36.77,827.6,23.76,0.0
36.78,827.84,23.76,0.0
36.79,828.08,23.76,0.0
36.8,828.31,23.76,0.0
36.81,828.55,23.76,0.0
36.82,828.79,23.76,0.0
36.83,829.03,23.76,0.0
36.84,829.26,23.76,0.0
36.85,829.5,23.76,0.0
36.86,829.74,23.76,0.0
36.87,829.98,23.76,0.0
36.88,830.22,23.76,0.0
36.89,830.45,23.76,0.0
36.9,830.69,23.76,0.0
36.91,830.93,23.76,0.0
36.92,831.17,23.76,0.0
36.93,831.4,23.76,0.0
36.94,831.64,23.76,0.0
36.95,831.88,23.76,0.0
36.96,832.12,23.76,0.0
36.97,832.35,23.76,0.0
36.98,832.59,23.76,0.0
36.99,832.83,23.76,0.0
37.0,833.07,23.76,0.0
37.01,833.3,23.76,0.0
37.02,833.54,23.76,0.0
37.03,833.78,23.76,0.0
37.04,834.02,23.76,0.0
37.05,834.25,23.76,0.0
37.06,834.49,23.76,0.0
37.07,834.73,23.76,0.0
37.08,834.97,23.76,0.0
37.09,835.21,23.76,0.0
37.1,835.44,23.76,0.0
37.11,835.68,23.76,0.0
37.12,835.92,23.76,0.0
37.13,836.16,23.76,0.0
37.14,836.39,23.76,0.0
37.15,836.63,23.76,0.0
37.16,836.87,23.76,0.0
37.17,837.11,23.76,0.0
37.18,837.34,23.76,0.0
37.19,837.58,23.76,0.0
37.2,837.82,23.76,0.0
37.21,838.06,23.76,0.0
37.22,838.29,23.76,0.0
37.23,838.53,23.76,0.0
37.24,838.77,23.76,0.0
37.25,839.01,23.76,0.0
37.26,839.25,23.76,0.0
37.27,839.48,23.76,0.0
37.28,839.72,23.76,0.0
37.29,839.96,23.76,0.0
37.3,840.2,23.76,0.0
37.31,840.43,23.76,0.0
37.32,840.67,23.76,0.0
37.33,840.91,23.76,0.0
37.34,841.15,23.76,0.0
37.35,841.38,23.76,0.0
37.36,841.62,23.76,0.0
37.37,841.86,23.76,0.0
37.38,842.1,23.76,0.0
37.39,842.33,23.76,0.0
37.4,842.57,23.76,0.0
37.41,842.81,23.76,0.0
37.42,843.05,23.76,0.0
37.43,843.28,23.76,0.0
37.44,843.52,23.76,0.0
37.45,843.76,23.76,0.0
37.46,844.0,23.76,0.0
37.47,844.24,23.76,0.0
37.48,844.47,23.76,0.0
37.49,844.71,23.76,0.0
37.5,844.95,23.76,0.0
37.51,845.19,23.76,0.0
37.52,845.42,23.76,0.0
37.53,845.66,23.76,0.0
37.54,845.9,23.76,0.0
37.55,846.14,23.76,0.0
37.56,846.37,23.76,0.0
37.57,846.61,23.76,0.0
37.58,846.85,23.76,0.0
37.59,847.09,23.76,0.0
37.6,847.32,23.76,0.0
37.61,847.56,23.76,0.0
37.62,847.8,23.76,0.0
37.63,848.04,23.76,0.0
37.64,848.27,23.76,0.0
37.65,848.51,23.76,0.0
37.66,848.75,23.76,0.0
37.67,848.99,23.76,0.0
37.68,849.23,23.76,0.0
37.69,849.46,23.76,0.0
37.7,849.7,23.76,0.0
37.71,849.94,23.76,0.0
37.72,850.18,23.76,0.0
37.73,850.41,23.76,0.0
37.74,850.65,23.76,0.0
37.75,850.89,23.76,0.0
37.76,851.13,23.76,0.0
37.77,851.36,23.76,0.0
37.78,851.6,23.76,0.0
37.79,851.84,23.76,0.0
37.8,852.08,23.76,0.0
37.81,852.31,23.76,0.0
37.82,852.55,23.76,0.0
37.83,852.79,23.76,0.0
37.84,853.03,23.76,0.0
37.85,853.27,23.76,0.0
37.86,853.5,23.76,0.0
37.87,853.74,23.76,0.0
37.88,853.98,23.76,0.0
37.89,854.22,23.76,0.0
37.9,854.45,23.76,0.0
37.91,854.69,23.76,0.0
37.92,854.93,23.76,0.0
37.93,855.17,23.76,0.0
37.94,855.4,23.76,0.0
37.95,855.64,23.76,0.0
37.96,855.88,23.76,0.0
37.97,856.12,23.76,0.0
37.98,856.35,23.76,0.0
37.99,856.59,23.76,0.0
38.0,856.83,23.76,0.0
38.01,857.07,23.76,0.0
38.02,857.3,23.76,0.0
38.03,857.54,23.76,0.0
38.04,857.78,23.76,0.0
38.05,858.02,23.76,0.0
38.06,858.26,23.76,0.0
38.07,858.49,23.76,0.0
38.08,858.73,23.76,0.0
38.09,858.97,23.76,0.0
38.1,859.21,23.76,0.0
38.11,859.44,23.76,0.0
38.12,859.68,23.76,0.0
38.13,859.92,23.76,0.0
38.14,860.16,23.76,0.0
38.15,860.39,23.76,0.0
38.16,860.63,23.76,0.0
38.17,860.87,23.76,0.0
38.18,861.11,23.76,0.0
38.19,861.34,23.76,0.0
38.2,861.58,23.76,0.0
38.21,861.82,23.76,0.0
38.22,862.06,23.76,0.0
38.23,862.29,23.76,0.0
38.24,862.53,23.76,0.0
38.25,862.77,23.76,0.0
38.26,863.01,23.76,0.0
38.27,863.25,23.76,0.0
38.28,863.48,23.76,0.0
38.29,863.72,23.76,0.0
38.3,863.96,23.76,0.0
38.31,864.2,23.76,0.0
38.32,864.43,23.76,0.0
38.33,864.67,23.76,0.0
38.34,864.91,23.76,0.0
38.35,865.15,23.76,0.0
38.36,865.38,23.76,0.0
38.37,865.62,23.76,0.0
38.38,865.86,23.76,0.0
38.39,866.1,23.76,0.0
38.4,866.33,23.76,0.0
38.41,866.57,23.76,0.0
38.42,866.81,23.76,0.0
38.43,867.05,23.76,0.0
38.44,867.29,23.76,0.0
38.45,867.52,23.76,0.0
38.46,867.76,23.76,0.0
38.47,868.0,23.76,0.0
38.48,868.24,23.76,0.0
38.49,868.47,23.76,0.0
38.5,868.71,23.76,0.0
38.51,868.95,23.76,0.0
38.52,869.19,23.76,0.0
38.53,869.42,23.76,0.0
38.54,869.66,23.76,0.0
38.55,869.9,23.76,0.0
38.56,870.14,23.76,0.0
38.57,870.37,23.76,0.0
38.58,870.61,23.76,0.0
38.59,870.85,23.76,0.0
38.6,871.09,23.76,0.0
38.61,871.32,23.76,0.0
38.62,871.56,23.76,0.0
38.63,871.8,23.76,0.0
38.64,872.04,23.76,0.0
38.65,872.28,23.76,0.0
38.66,872.51,23.76,0.0
38.67,872.75,23.76,0.0
38.68,872.99,23.76,0.0
38.69,873.23,23.76,0.0
38.7,873.46,23.76,0.0
38.71,873.7,23.76,0.0
38.72,873.94,23.76,0.0
38.73,874.18,23.76,0.0
38.74,874.41,23.76,0.0
38.75,874.65,23.76,0.0
38.76,874.89,23.76,0.0
38.77,875.13,23.76,0.0
38.78,875.36,23.76,0.0
38.79,875.6,23.76,0.0
38.8,875.84,23.76,0.0
38.81,876.08,23.76,0.0
38.82,876.31,23.76,0.0
38.83,876.55,23.76,0.0
38.84,876.79,23.76,0.0
38.85,877.03,23.76,0.0
38.86,877.27,23.76,0.0
38.87,877.5,23.76,0.0
38.88,877.74,23.76,0.0
38.89,877.98,23.76,0.0
38.9,878.22,23.76,0.0
38.91,878.45,23.76,0.0
38.92,878.69,23.76,0.0
38.93,878.93,23.76,0.0
38.94,879.17,23.76,0.0
38.95,879.4,23.76,0.0
38.96,879.64,23.76,0.0
38.97,879.88,23.76,0.0
38.98,880.12,23.76,0.0
38.99,880.35,23.76,0.0
39.0,880.59,23.76,0.0
39.01,880.83,23.76,0.0
39.02,881.07,23.76,0.0
39.03,881.31,23.76,0.0
39.04,881.54,23.76,0.0
39.05,881.78,23.76,0.0
39.06,882.02,23.76,0.0
39.07,882.26,23.76,0.0
39.08,882.49,23.76,0.0
39.09,882.73,23.76,0.0
39.1,882.97,23.76,0.0
39.11,883.21,23.76,0.0
39.12,883.44,23.76,0.0
39.13,883.68,23.76,0.0
39.14,883.92,23.76,0.0
39.15,884.16,23.76,0.0
39.16,884.39,23.76,0.0
39.17,884.63,23.76,0.0
39.18,884.87,23.76,0.0
39.19,885.11,23.76,0.0
39.2,885.34,23.76,0.0
39.21,885.58,23.76,0.0
39.22,885.82,23.76,0.0
39.23,886.06,23.76,0.0
39.24,886.3,23.76,0.0
39.25,886.53,23.76,0.0
39.26,886.77,23.76,0.0
39.27,887.01,23.76,0.0
39.28,887.25,23.76,0.0
39.29,887.48,23.76,0.0
39.3,887.72,23.76,0.0
39.31,887.96,23.76,0.0
39.32,888.2,23.76,0.0
39.33,888.43,23.76,0.0
39.34,888.67,23.76,0.0
39.35,888.91,23.76,0.0
39.36,889.15,23.76,0.0
39.37,889.38,23.76,0.0
39.38,889.62,23.76,0.0
39.39,889.86,23.76,0.0
39.4,890.1,23.76,0.0
39.41,890.34,23.76,0.0
39.42,890.57,23.76,0.0
39.43,890.81,23.76,0.0
39.44,891.05,23.76,0.0
39.45,891.29,23.76,0.0
39.46,891.52,23.76,0.0
39.47,891.76,23.76,0.0
39.48,892.0,23.76,0.0
39.49,892.24,23.76,0.0
39.5,892.47,23.76,0.0
39.51,892.71,23.76,0.0
39.52,892.95,23.76,0.0
39.53,893.19,23.76,0.0
39.54,893.42,23.76,0.0
39.55,893.66,23.76,0.0
39.56,893.9,23.76,0.0
39.57,894.14,23.76,0.0
39.58,894.37,23.76,0.0
39.59,894.61,23.76,0.0
39.6,894.85,23.76,0.0
39.61,895.09,23.76,0.0
39.62,895.33,23.76,0.0
39.63,895.56,23.76,0.0
39.64,895.8,23.76,0.0
39.65,896.04,23.76,0.0
39.66,896.28,23.76,0.0
39.67,896.51,23.76,0.0
39.68,896.75,23.76,0.0
39.69,896.99,23.76,0.0
39.7,897.23,23.76,0.0
39.71,897.46,23.76,0.0
39.72,897.7,23.76,0.0
39.73,897.94,23.76,0.0
39.74,898.18,23.76,0.0
39.75,898.41,23.76,0.0
39.76,898.65,23.76,0.0
39.77,898.89,23.76,0.0
39.78,899.13,23.76,0.0
39.79,899.36,23.76,0.0
39.8,899.6,23.76,0.0
39.81,899.84,23.76,0.0
39.82,900.08,23.76,0.0
39.83,900.32,23.76,0.0
39.84,900.55,23.76,0.0
39.85,900.79,23.76,0.0
39.86,901.03,23.76,0.0
39.87,901.27,23.76,0.0
39.88,901.5,23.76,0.0
39.89,901.74,23.76,0.0
39.9,901.98,23.76,0.0
39.91,902.22,23.76,0.0
39.92,902.45,23.76,0.0
39.93,902.69,23.76,0.0
39.94,902.93,23.76,0.0
39.95,903.17,23.76,0.0
39.96,903.4,23.76,0.0
39.97,903.64,23.76,0.0
39.98,903.88,23.76,0.0
39.99,904.12,23.76,0.0
40.0,904.36,23.76,0.0
40.01,904.59,23.76,0.0
40.02,904.83,23.76,0.0
40.03,905.07,23.76,0.0
40.04,905.31,23.76,0.0
40.05,905.54,23.76,0.0
40.06,905.78,23.76,0.0
40.07,906.02,23.76,0.0
40.08,906.26,23.76,0.0
40.09,906.49,23.76,0.0
40.1,906.73,23.76,0.0
40.11,906.97,23.76,0.0
40.12,907.21,23.76,0.0
40.13,907.44,23.76,0.0
40.14,907.68,23.76,0.0
40.15,907.92,23.76,0.0
40.16,908.16,23.76,0.0
40.17,908.39,23.76,0.0
40.18,908.63,23.76,0.0
40.19,908.87,23.76,0.0
40.2,909.11,23.76,0.0
40.21,909.35,23.76,0.0
40.22,909.58,23.76,0.0
40.23,909.82,23.76,0.0
40.24,910.06,23.76,0.0
40.25,910.3,23.76,0.0
40.26,910.53,23.76,0.0
40.27,910.77,23.76,0.0
40.28,911.01,23.76,0.0
40.29,911.25,23.76,0.0
40.3,911.48,23.76,0.0
40.31,911.72,23.76,0.0
40.32,911.96,23.76,0.0
40.33,912.2,23.76,0.0
40.34,912.43,23.76,0.0
40.35,912.67,23.76,0.0
40.36,912.91,23.76,0.0
40.37,913.15,23.76,0.0
40.38,913.38,23.76,0.0
40.39,913.62,23.76,0.0
40.4,913.86,23.76,0.0
40.41,914.1,23.76,0.0
40.42,914.34,23.76,0.0
40.43,914.57,23.76,0.0
40.44,914.81,23.76,0.0
40.45,915.05,23.76,0.0
40.46,915.29,23.76,0.0
40.47,915.52,23.76,0.0
40.48,915.76,23.76,0.0
40.49,916.0,23.76,0.0
40.5,916.24,23.76,0.0
40.51,916.47,23.76,0.0
40.52,916.71,23.76,0.0
40.53,916.95,23.76,0.0
40.54,917.19,23.76,0.0
40.55,917.42,23.76,0.0
40.56,917.66,23.76,0.0
40.57,917.9,23.76,0.0
40.58,918.14,23.76,0.0
40.59,918.38,23.76,0.0
40.6,918.61,23.76,0.0
40.61,918.85,23.76,0.0
40.62,919.09,23.76,0.0
40.63,919.33,23.76,0.0
40.64,919.56,23.76,0.0
40.65,919.8,23.76,0.0
40.66,920.04,23.76,0.0
40.67,920.28,23.76,0.0
40.68,920.51,23.76,0.0
40.69,920.75,23.76,0.0
40.7,920.99,23.76,0.0
40.71,921.23,23.76,0.0
40.72,921.46,23.76,0.0
40.73,921.7,23.76,0.0
40.74,921.94,23.76,0.0
40.75,922.18,23.76,0.0
40.76,922.41,23.76,0.0
40.77,922.65,23.76,0.0
40.78,922.89,23.76,0.0
40.79,923.13,23.76,0.0
40.8,923.37,23.76,0.0
40.81,923.6,23.76,0.0
40.82,923.84,23.76,0.0
40.83,924.08,23.76,0.0
40.84,924.32,23.76,0.0
40.85,924.55,23.76,0.0
40.86,924.79,23.76,0.0
40.87,925.03,23.76,0.0
40.88,925.27,23.76,0.0
40.89,925.5,23.76,0.0
40.9,925.74,23.76,0.0
40.91,925.98,23.76,0.0
40.92,926.22,23.76,0.0
40.93,926.45,23.76,0.0
40.94,926.69,23.76,0.0
40.95,926.93,23.76,0.0
40.96,927.17,23.76,0.0
40.97,927.4,23.76,0.0
40.98,927.64,23.76,0.0
40.99,927.88,23.76,0.0
41.0,928.12,23.76,0.0
41.01,928.36,23.76,0.0
41.02,928.59,23.76,0.0
41.03,928.83,23.76,0.0
41.04,929.07,23.76,0.0
41.05,929.31,23.76,0.0
41.06,929.54,23.76,0.0
41.07,929.78,23.76,0.0
41.08,930.02,23.76,0.0
41.09,930.26,23.76,0.0
41.1,930.49,23.76,0.0
41.11,930.73,23.76,0.0
41.12,930.97,23.76,0.0
41.13,931.21,23.76,0.0
41.14,931.44,23.76,0.0
41.15,931.68,23.76,0.0
41.16,931.92,23.76,0.0
41.17,932.16,23.76,0.0
41.18,932.4,23.76,0.0
41.19,932.63,23.76,0.0
41.2,932.87,23.76,0.0
41.21,933.11,23.76,0.0
41.22,933.35,23.76,0.0
41.23,933.58,23.76,0.0
41.24,933.82,23.76,0.0
41.25,934.06,23.76,0.0
41.26,934.3,23.76,0.0
41.27,934.53,23.76,0.0
41.28,934.77,23.76,0.0
41.29,935.01,23.76,0.0
41.3,935.25,23.76,0.0
41.31,935.48,23.76,0.0
41.32,935.72,23.76,0.0
41.33,935.96,23.76,0.0
41.34,936.2,23.76,0.0
41.35,936.43,23.76,0.0
41.36,936.67,23.76,0.0
41.37,936.91,23.76,0.0
41.38,937.15,23.76,0.0
41.39,937.39,23.76,0.0
41.4,937.62,23.76,0.0
41.41,937.86,23.76,0.0
41.42,938.1,23.76,0.0
41.43,938.34,23.76,0.0
41.44,938.57,23.76,0.0
41.45,938.81,23.76,0.0
41.46,939.05,23.76,0.0
41.47,939.29,23.76,0.0
41.48,939.52,23.76,0.0
41.49,939.76,23.76,0.0
41.5,940.0,23.76,0.0
41.51,940.24,23.76,0.0
41.52,940.47,23.76,0.0
41.53,940.71,23.76,0.0
41.54,940.95,23.76,0.0
41.55,941.19,23.76,0.0
41.56,941.42,23.76,0.0
41.57,941.66,23.76,0.0
41.58,941.9,23.76,0.0
41.59,942.14,23.76,0.0
41.6,942.38,23.76,0.0
41.61,942.61,23.76,0.0
41.62,942.85,23.76,0.0
41.63,943.09,23.76,0.0
41.64,943.33,23.76,0.0
41.65,943.56,23.76,0.0
41.66,943.8,23.76,0.0
41.67,944.04,23.76,0.0
41.68,944.28,23.76,0.0
41.69,944.51,23.76,0.0
41.7,944.75,23.76,0.0
41.71,944.99,23.76,0.0
41.72,945.23,23.76,0.0
41.73,945.46,23.76,0.0
41.74,945.7,23.76,0.0
41.75,945.94,23.76,0.0
41.76,946.18,23.76,0.0
41.77,946.42,23.76,0.0
41.78,946.65,23.76,0.0
41.79,946.89,23.76,0.0
41.8,947.13,23.76,0.0
41.81,947.37,23.76,0.0
41.82,947.6,23.76,0.0
41.83,947.84,23.76,0.0
41.84,948.08,23.76,0.0
41.85,948.32,23.76,0.0
41.86,948.55,23.76,0.0
41.87,948.79,23.76,0.0
41.88,949.03,23.76,0.0
41.89,949.27,23.76,0.0
41.9,949.5,23.76,0.0
41.91,949.74,23.76,0.0
41.92,949.98,23.76,0.0
41.93,950.22,23.76,0.0
41.94,950.45,23.76,0.0
41.95,950.69,23.76,0.0
41.96,950.93,23.76,0.0
41.97,951.17,23.76,0.0
41.98,951.41,23.76,0.0
41.99,951.64,23.76,0.0
42.0,951.88,23.76,0.0
42.01,952.12,23.76,0.0
42.02,952.36,23.76,0.0
42.03,952.59,23.76,0.0
42.04,952.83,23.76,0.0
42.05,953.07,23.76,0.0
42.06,953.31,23.76,0.0
42.07,953.54,23.76,0.0
42.08,953.78,23.76,0.0
42.09,954.02,23.76,0.0
42.1,954.26,23.76,0.0
42.11,954.49,23.76,0.0
42.12,954.73,23.76,0.0
42.13,954.97,23.76,0.0
42.14,955.21,23.76,0.0
42.15,955.45,23.76,0.0
42.16,955.68,23.76,0.0
42.17,955.92,23.76,0.0
42.18,956.16,23.76,0.0
42.19,956.4,23.76,0.0
42.2,956.63,23.76,0.0
42.21,956.87,23.76,0.0
42.22,957.11,23.76,0.0
42.23,957.35,23.76,0.0
42.24,957.58,23.76,0.0
42.25,957.82,23.76,0.0
42.26,958.06,23.76,0.0
42.27,958.3,23.76,0.0
42.28,958.53,23.76,0.0
42.29,958.77,23.76,0.0
42.3,959.01,23.76,0.0
42.31,959.25,23.76,0.0
42.32,959.48,23.76,0.0
42.33,959.72,23.76,0.0
42.34,959.96,23.76,0.0
42.35,960.2,23.76,0.0
42.36,960.44,23.76,0.0
42.37,960.67,23.76,0.0
42.38,960.91,23.76,0.0
42.39,961.15,23.76,0.0
42.4,961.39,23.76,0.0
42.41,961.62,23.76,0.0
42.42,961.86,23.76,0.0
42.43,962.1,23.76,0.0
42.44,962.34,23.76,0.0
42.45,962.57,23.76,0.0
42.46,962.81,23.76,0.0
42.47,963.05,23.76,0.0
42.48,963.29,23.76,0.0
42.49,963.52,23.76,0.0
42.5,963.76,23.76,0.0
42.51,964.0,23.76,0.0
42.52,964.24,23.76,0.0
42.53,964.47,23.76,0.0
42.54,964.71,23.76,0.0
42.55,964.95,23.76,0.0
42.56,965.19,23.76,0.0
42.57,965.43,23.76,0.0
42.58,965.66,23.76,0.0
42.59,965.9,23.76,0.0
42.6,966.14,23.76,0.0
42.61,966.38,23.76,0.0
42.62,966.61,23.76,0.0
42.63,966.85,23.76,0.0
42.64,967.09,23.76,0.0
42.65,967.33,23.76,0.0
42.66,967.56,23.76,0.0
42.67,967.8,23.76,0.0
42.68,968.04,23.76,0.0
42.69,968.28,23.76,0.0
42.7,968.51,23.76,0.0
42.71,968.75,23.76,0.0
42.72,968.99,23.76,0.0
42.73,969.23,23.76,0.0
42.74,969.47,23.76,0.0
42.75,969.7,23.76,0.0
42.76,969.94,23.76,0.0
42.77,970.18,23.76,0.0
42.78,970.42,23.76,0.0
42.79,970.65,23.76,0.0
42.8,970.89,23.76,0.0
42.81,971.13,23.76,0.0
42.82,971.37,23.76,0.0
42.83,971.6,23.76,0.0
42.84,971.84,23.76,0.0
42.85,972.08,23.76,0.0
42.86,972.32,23.76,0.0
42.87,972.55,23.76,0.0
42.88,972.79,23.76,0.0
42.89,973.03,23.76,0.0
42.9,973.27,23.76,0.0
42.91,973.5,23.76,0.0
42.92,973.74,23.76,0.0
42.93,973.98,23.76,0.0
42.94,974.22,23.76,0.0
42.95,974.46,23.76,0.0
42.96,974.69,23.76,0.0
42.97,974.93,23.76,0.0
42.98,975.17,23.76,0.0
42.99,975.41,23.76,0.0
43.0,975.64,23.76,0.0
43.01,975.88,23.76,0.0
43.02,976.12,23.76,0.0
43.03,976.36,23.76,0.0
43.04,976.59,23.76,0.0
43.05,976.83,23.76,0.0
43.06,977.07,23.76,0.0
43.07,977.31,23.76,0.0
43.08,977.54,23.76,0.0
43.09,977.78,23.76,0.0
43.1,978.02,23.76,0.0
43.11,978.26,23.76,0.0
43.12,978.49,23.76,0.0
43.13,978.73,23.76,0.0
43.14,978.97,23.76,0.0
43.15,979.21,23.76,0.0
43.16,979.45,23.76,0.0
43.17,979.68,23.76,0.0
43.18,979.92,23.76,0.0
43.19,980.16,23.76,0.0
43.2,980.4,23.76,0.0
43.21,980.63,23.76,0.0
43.22,980.87,23.76,0.0
43.23,981.11,23.76,0.0
43.24,981.35,23.76,0.0
43.25,981.58,23.76,0.0
43.26,981.82,23.76,0.0
43.27,982.06,23.76,0.0
43.28,982.3,23.76,0.0
43.29,982.53,23.76,0.0
43.3,982.77,23.76,0.0
43.31,983.01,23.76,0.0
43.32,983.25,23.76,0.0
43.33,983.49,23.76,0.0
43.34,983.72,23.76,0.0
43.35,983.96,23.76,0.0
43.36,984.2,23.76,0.0
43.37,984.44,23.76,0.0
43.38,984.67,23.76,0.0
43.39,984.91,23.76,0.0
43.4,985.15,23.76,0.0
43.41,985.39,23.76,0.0
43.42,985.62,23.76,0.0
43.43,985.86,23.76,0.0
43.44,986.1,23.76,0.0
43.45,986.34,23.76,0.0
43.46,986.57,23.76,0.0
43.47,986.81,23.76,0.0
43.48,987.05,23.76,0.0
43.49,987.29,23.76,0.0
43.5,987.52,23.76,0.0
43.51,987.76,23.76,0.0
43.52,988.0,23.76,0.0
43.53,988.24,23.76,0.0
43.54,988.48,23.76,0.0
43.55,988.71,23.76,0.0
43.56,988.95,23.76,0.0
43.57,989.19,23.76,0.0
43.58,989.43,23.76,0.0
43.59,989.66,23.76,0.0
43.6,989.9,23.76,0.0
43.61,990.14,23.76,0.0
43.62,990.38,23.76,0.0
43.63,990.61,23.76,0.0
43.64,990.85,23.76,0.0
43.65,991.09,23.76,0.0
43.66,991.33,23.76,0.0
43.67,991.56,23.76,0.0
43.68,991.8,23.76,0.0
43.69,992.04,23.76,0.0
43.7,992.28,23.76,0.0
43.71,992.51,23.76,0.0
43.72,992.75,23.76,0.0
43.73,992.99,23.76,0.0
43.74,993.23,23.76,0.0
43.75,993.47,23.76,0.0
43.76,993.7,23.76,0.0
43.77,993.94,23.76,0.0
43.78,994.18,23.76,0.0
43.79,994.42,23.76,0.0
43.8,994.65,23.76,0.0
43.81,994.89,23.76,0.0
43.82,995.13,23.76,0.0
43.83,995.37,23.76,0.0
43.84,995.6,23.76,0.0
43.85,995.84,23.76,0.0
43.86,996.08,23.76,0.0
43.87,996.32,23.76,0.0
43.88,996.55,23.76,0.0
43.89,996.79,23.76,0.0
43.9,997.03,23.76,0.0
43.91,997.27,23.76,0.0
43.92,997.51,23.76,0.0
43.93,997.74,23.76,0.0
43.94,997.98,23.76,0.0
43.95,998.22,23.76,0.0
43.96,998.46,23.76,0.0
43.97,998.69,23.76,0.0
43.98,998.93,23.76,0.0
43.99,999.17,23.76,0.0
44.0,999.41,23.76,0.0
44.01,999.64,23.76,0.0
44.02,999.88,23.76,0.0
